"""ID""",ID_Ekm,product_name,Brand,Amazon_full_Name,Color,RAM,STORAGE,AMZ_PRICE,AMZ_RATING,IMG1,IMG2,IMG3,IMG4,IMG5,IMG6,URL,id,store_name,price,processor,display,front_camera,rear_camera,dimensions,weight,chipset,cores,cpu,architecture,Graphics,operating_system,custom_ui,expandable_memory,display_type,resolution,aspect_ratio,touchscreen,color_reproduction,pixel_density,screen_to_body_per,protection,brightness,bezzel_less_display,flash,sensor,camera_features,shooting_modes,image_stabilization,video_quality,charging_speed,battery_capacity,wireless_charging,fast_chraging,removable,wifi,bluetooth,GPS,infrared,wifi_features,sim,network,voice_over_lte,usb_otg_support,speaker,audio_jack,fingerprint_sensor,other_sensor,face_unlock,water_resistant,colors,launch_date,battery_type,USB
SMP-1,EKM_AMZPPB_172,Xiaomi Redmi Note 10,Xiaomi Redmi,"Redmi Note 10 (Frost White, 4GB RAM, 64GB Storage) - Super Amoled Dot Display | 48MP Sony Sensor IMX582 | Snapdragon 678 Processor",Frost White, 4GB RAM, 64GB Storage,"Rs. 13,999",4.2 out of 5 stars,EKM_AMZPPB_172_0,EKM_AMZPPB_172_1,EKM_AMZPPB_172_2,EKM_AMZPPB_172_3,EKM_AMZPPB_172_4,EKM_AMZPPB_172_5,https://www.amazon.in/Test-Exclusive_2020_1141-Multi-3GB-Storage/dp/B089MS8VY3/ref=sr_1_145?dchild=1&keywords=mobiles&qid=1631127775&refinements=p_89%3AASUS%7CBlackBerry%7CCoolpad%7CGIONEE%7CGeneric%7CGoogle%7CHEEMAX%7CIKALL%7CIntex%7CLava%7CMI%7CMicromax%7CMoto%7CMotorola%7CNillkin%7CNokia%7COnePlus%7COppo%7CPHILIPS%7CRedmi%7CSHIVANSH%7CSamsung%7CSnexian%7CTecno%7CVivo%7CXiaomi%7CXifo%7CZiox%7CZopo%7CiQOO%7Citel%7Crealme&rnid=3837712031&s=electronics&sr=1-145,SMP-1,Amazon.in,"?13,999",Qualcomm Snapdragon 678,6.43 inches (16.33 cms),"Single (13 MP, f/2.45, Wide Angle Camera(3"" sensor size, 1.12 m pixel size))","Quad (48 MP, f/1.79 Camera + 8 MP, f/2.2, Wide Angle, Ultra-Wide Angle Camera(4.0"" sensor size, 1.12µm pixel size) + 2 MP, f/2.4 Camera(5.0"" sensor size, 1.12µm pixel size) + 2 MP, f/2.4, depth Camera(5.0"" sensor size, 1.75µm pixel size))",6.31 x 2.93 x 0.33 inch (160.4 x 74.5 x 8.3 mm),178.8 grams,Qualcomm Snapdragon 678,8 (Octa Core),"2.2GHz, Dual core, Kryo 460 + 1.7GHz, Hexa Core, Kryo 460",64-bit,Adreno 612,Android v11,MIUI,"Yes, Up to 512 GB (Dedicated)",Super AMOLED,1080 x 2400 pixels,20:09,"Yes, Capacitive, Multi-touch",16M Colors,409 pixels per inch (ppi),83.53%,Corning Gorilla Glass v3,1100 nits,"Yes, with Punch-hole",Rear (LED Flash),Exmor-RS CMOS Sensor,"Auto Flash, Auto Focus, Face detection, Touch to focus","Continuos Shooting, High Dynamic Range mode (HDR)",,"Rear: 3840x2160 @ 30 fps, 1920x1080 @ 60 fps, Front: 1920x1080 @ 30 fps, 1280x720 @ 30 fps",100 % in 74 minutes (claimed by Brand),5000 mAh,No,"Yes, 33W",No,Yes with a/ac/b/g/n,Bluetooth v5.0,"Yes with A-GPS, Glonass",Yes,Mobile Hotspot,Dual SIM (SIM1: Nano) (SIM2: Nano),"4G: Available (supports Indian bands), 3G: Available, 2G: Available",Yes,,Yes,"Yes, 3.5mm","Yes, Side","Light sensor, Proximity sensor, Accelerometer, Compass, Gyroscope",Yes,"Yes, Splash proof, IP53","Frost White, Aqua Green, Shadow Black",16-Mar-21,Li-Polymer,"USB Type-C, Mass storage device, USB charging"
SMP-3,EKM_AMZPPB_403,Xiaomi Redmi Note 10 Pro,Xiaomi Redmi,"Redmi Note 10 Pro (Vintage Bronze, 6GB RAM, 128GB Storage) -120Hz Super Amoled Display | 64MP Camera with 5MP Super Tele-Macro",Vintage Bronze, 6GB RAM, 128GB Storage,"Rs. 17,999",4.2 out of 5 stars,EKM_AMZPPB_403_0,EKM_AMZPPB_403_1,EKM_AMZPPB_403_2,EKM_AMZPPB_403_3,EKM_AMZPPB_403_4,EKM_AMZPPB_403_5,https://www.amazon.in/Test-Exclusive_2020_1153-Multi-3GB-Storage/dp/B089MSK43J/ref=sr_1_368?dchild=1&keywords=mobiles&qid=1631127802&refinements=p_89%3AASUS%7CBlackBerry%7CCoolpad%7CGIONEE%7CGeneric%7CGoogle%7CHEEMAX%7CIKALL%7CIntex%7CLava%7CMI%7CMicromax%7CMoto%7CMotorola%7CNillkin%7CNokia%7COnePlus%7COppo%7CPHILIPS%7CRedmi%7CSHIVANSH%7CSamsung%7CSnexian%7CTecno%7CVivo%7CXiaomi%7CXifo%7CZiox%7CZopo%7CiQOO%7Citel%7Crealme&rnid=3837712031&s=electronics&sr=1-368,SMP-3,Tata CliQ,"?17,989",Qualcomm Snapdragon 732G,6.67 inches (16.94 cms),"Single (16 MP, f/2.45, Wide Angle Camera(3"" sensor size, 1 m pixel size))","Quad (64 MP, f/1.9, Wide Angle Camera + 8 MP, f/2.2, Wide Angle, Ultra-Wide Angle Camera(4.0"" sensor size, 1.12µm pixel size) + 5 MP, f/2.4 Camera + 2 MP, f/2.4, depth Camera)",6.48 x 3 x 0.32 inch (164.5 x 76.1 x 8.1 mm),192 grams,Qualcomm Snapdragon 732G,8 (Octa Core),"2.3GHz, Dual core, Kryo 470 + 1.8GHz, Hexa Core, Kryo 470",64-bit,Adreno 618,Android v11,MIUI,"Yes, microSD, Up to 512 GB (Dedicated)","Super AMOLED, HDR 10+",1080 x 2400 pixels,20:09,"Yes, Capacitive, Multi-touch",16M Colors,395 pixels per inch (ppi),85.80%,Corning Gorilla Glass v5,1200 nits,"Yes, with Punch-hole",Rear (LED Flash),ISOCELL Plus,"Auto Flash, Auto Focus, Face detection, Touch to focus","Continuos Shooting, High Dynamic Range mode (HDR)",,"Rear: 3840x2160 @ 30 fps, 1920x1080 @ 60 fps, Front: 1920x1080 @ 30 fps, 1280x720 @ 30 fps",100 % in 74 minutes (claimed by Brand),5020 mAh,No,"Yes, 33W",No,Yes with a/ac/b/g/n,Bluetooth v5.0,"Yes with A-GPS, Glonass",Yes,Mobile Hotspot,Dual SIM (SIM1: Nano) (SIM2: Nano),"4G: Available (supports Indian bands), 3G: Available, 2G: Available",Yes,,Yes,"Yes, 3.5mm","Yes, Side","Light sensor, Proximity sensor, Accelerometer, Compass, Gyroscope",Yes,"Yes, Splash proof, IP53","Vintage Bronze, Glacial Blue, Dark Night, Dark Nebula",17-Mar-21,Li-Polymer,"USB Type-C, Mass storage device, USB charging"
SMP-4,EKM_AMZPPB_165,Xiaomi Redmi Note 10S,Xiaomi Redmi,"Redmi Note 10S (Shadow Black, 6GB RAM, 128GB Storage) - Super Amoled Display | 64 MP Quad Camera |NCEMI Offer on HDFC Cards | 6 Month Free Screen Replacement (Prime only) | Alexa Built in",Shadow Black, 6GB RAM, 128GB Storage,"Rs. 16,499",4.1 out of 5 stars,EKM_AMZPPB_165_0,EKM_AMZPPB_165_1,EKM_AMZPPB_165_2,EKM_AMZPPB_165_3,EKM_AMZPPB_165_4,EKM_AMZPPB_165_5,https://www.amazon.in/Redmi-Shadow-Black-128GB-Storage/dp/B0948N6FWS/ref=sr_1_137?dchild=1&keywords=mobiles&qid=1631127775&refinements=p_89%3AASUS%7CBlackBerry%7CCoolpad%7CGIONEE%7CGeneric%7CGoogle%7CHEEMAX%7CIKALL%7CIntex%7CLava%7CMI%7CMicromax%7CMoto%7CMotorola%7CNillkin%7CNokia%7COnePlus%7COppo%7CPHILIPS%7CRedmi%7CSHIVANSH%7CSamsung%7CSnexian%7CTecno%7CVivo%7CXiaomi%7CXifo%7CZiox%7CZopo%7CiQOO%7Citel%7Crealme&rnid=3837712031&s=electronics&sr=1-137,SMP-4,Amazon.in,"?14,999",MediaTek Helio G95,6.43 inches (16.33 cms),"Single (13 MP, f/2.45, Wide Angle Camera(3"" sensor size, 1.12 m pixel size))","Quad (64 MP, f/1.79 Camera + 8 MP, f/2.2, Wide Angle, Ultra-Wide Angle Camera(4.0"" sensor size, 1.12µm pixel size) + 2 MP, f/2.4 Camera + 2 MP, f/2.4, depth Camera)",6.31 x 2.93 x 0.32 inch (160.4 x 74.5 x 8.2 mm),178.8 grams,MediaTek Helio G95,8 (Octa Core),"2.05GHz, Dual core, Cortex A76 + 2GHz, Hexa Core, Cortex A55",64-bit,Mali-G76 MC4,Android v11,MIUI,"Yes, microSD, Up to 512 GB (Dedicated)",AMOLED,1080 x 2400 pixels,20:09,"Yes, Capacitive, Multi-touch",16M Colors,409 pixels per inch (ppi),83.53%,Corning Gorilla Glass v3,1100 nits,"Yes, with Punch-hole",Rear (LED Flash),"Light sensor, Proximity sensor, Accelerometer, Compass, Gyroscope","Auto Flash, Auto Focus, Face detection, Touch to focus","Continuos Shooting, High Dynamic Range mode (HDR)",,"Rear: 3840x2160 @ 30 fps, 1920x1080 @ 60 fps, Front: 1920x1080 @ 30 fps, 1280x720 @ 30 fps",54 % in 30 minutes (claimed by Brand),5000 mAh,No,"Yes, 33W",No,Yes with ac/b/g/n/n 5GHz,Bluetooth v5.0,"Yes with A-GPS, Glonass",Yes,Mobile Hotspot,Dual SIM (SIM1: Nano) (SIM2: Nano),"4G: Available (supports Indian bands), 3G: Available, 2G: Available",Yes,Yes,Yes,"Yes, 3.5mm","Yes, Side","Light sensor, Proximity sensor, Accelerometer, Compass, Gyroscope",Yes,"Yes, Splash proof, IP53","Shadow Black, Frost White, Deep Sea Blue, Cosmic Purple",15-May-21,Li-Polymer,"USB Type-C, Mass storage device, USB charging, USB On-The-Go"
SMP-5,EKM_AMZPPB_43,Xiaomi Redmi 9 Power,Xiaomi Redmi,"Redmi 9 Power (Fiery Red, 4GB RAM, 64GB Storage) - 6000mAh Battery |FHD+ Screen| 48MP Quad Camera | Alexa Hands-Free Capable",Fiery Red, 4GB RAM, 64GB Storage,"Rs. 11,499",4.2 out of 5 stars,EKM_AMZPPB_43_0,EKM_AMZPPB_43_1,EKM_AMZPPB_43_2,EKM_AMZPPB_43_3,EKM_AMZPPB_43_4,EKM_AMZPPB_43_5,https://www.amazon.in/Test-Exclusive_2020_1114-Multi-3GB-Storage/dp/B089MSG569/ref=sr_1_38?dchild=1&keywords=mobiles&qid=1631127764&refinements=p_89%3AASUS%7CBlackBerry%7CCoolpad%7CGIONEE%7CGeneric%7CGoogle%7CHEEMAX%7CIKALL%7CIntex%7CLava%7CMI%7CMicromax%7CMoto%7CMotorola%7CNillkin%7CNokia%7COnePlus%7COppo%7CPHILIPS%7CRedmi%7CSHIVANSH%7CSamsung%7CSnexian%7CTecno%7CVivo%7CXiaomi%7CXifo%7CZiox%7CZopo%7CiQOO%7Citel%7Crealme&rnid=3837712031&s=electronics&sr=1-38,SMP-5,Amazon.in,"?11,499",Qualcomm Snapdragon 662,6.53 inches (16.59 cms),"Single (8 MP, f/2.0, Wide Angle Camera(27 mm focal length, 4.0"" sensor size, 1.12 m pixel size))","Quad (48 MP, f/1.79, Wide Angle Camera + 8 MP, f/2.2, Wide Angle, Ultra-Wide Angle Camera(4.0"" sensor size, 1.12µm pixel size) + 2 MP, f/2.4 Camera + 2 MP, f/2.4, depth Camera)",6.39 x 3.04 x 0.38 inch (162.3 x 77.3 x 9.6 mm),198 grams,Qualcomm Snapdragon 662,8 (Octa Core),"2GHz, Quad core, Kryo 260 + 1.8GHz, Quad core, Kryo 260",64-bit,Adreno 610,Android v10 (Q),MIUI,"Yes, Up to 512 GB (Dedicated)",IPS LCD,1080 x 2340 pixels,19.5:9,"Yes, Capacitive, Multi-touch",16M Colors,395 pixels per inch (ppi),83.25%,Corning Gorilla Glass v3,400 nits,"Yes, with Waterdrop notch",Rear (LED Flash),ISOCELL Plus,"Auto Flash, Auto Focus, Face detection, Touch to focus","Continuos Shooting, High Dynamic Range mode (HDR)",,"Rear: 1920x1080 @ 30 fps, Front: 1920x1080 @ 30 fps",20% to 100% in 02h 46m 52s (in-house tested),6000 mAh,No,"Yes, 18W",No,Yes with ac/b/g/n/n 5GHz,Bluetooth v5.0,"Yes with A-GPS, Glonass",Yes,"Wi-Fi Direct, Mobile Hotspot",Dual SIM (SIM1: Nano) (SIM2: Nano),"4G: Available (supports Indian bands), 3G: Available, 2G: Available",Yes,,Yes,"Yes, 3.5mm","Yes, Side","Light sensor, Proximity sensor, Accelerometer, Compass",Yes,"Yes, Splash proof","Mighty Black, Fiery Red, Electric Green, Blazing Blue",22-Dec-20,Li-Polymer,"USB Type-C, Mass storage device, USB charging"
SMP-8,EKM_AMZPPB_172,Xiaomi Redmi Note 10,Xiaomi Redmi,"Redmi Note 10 (Frost White, 4GB RAM, 64GB Storage) - Super Amoled Dot Display | 48MP Sony Sensor IMX582 | Snapdragon 678 Processor",Frost White, 4GB RAM, 64GB Storage,"Rs. 13,999",4.2 out of 5 stars,EKM_AMZPPB_172_0,EKM_AMZPPB_172_1,EKM_AMZPPB_172_2,EKM_AMZPPB_172_3,EKM_AMZPPB_172_4,EKM_AMZPPB_172_5,https://www.amazon.in/Test-Exclusive_2020_1141-Multi-3GB-Storage/dp/B089MS8VY3/ref=sr_1_145?dchild=1&keywords=mobiles&qid=1631127775&refinements=p_89%3AASUS%7CBlackBerry%7CCoolpad%7CGIONEE%7CGeneric%7CGoogle%7CHEEMAX%7CIKALL%7CIntex%7CLava%7CMI%7CMicromax%7CMoto%7CMotorola%7CNillkin%7CNokia%7COnePlus%7COppo%7CPHILIPS%7CRedmi%7CSHIVANSH%7CSamsung%7CSnexian%7CTecno%7CVivo%7CXiaomi%7CXifo%7CZiox%7CZopo%7CiQOO%7Citel%7Crealme&rnid=3837712031&s=electronics&sr=1-145,SMP-8,Amazon.in,"?13,999",Qualcomm Snapdragon 678,6.43 inches (16.33 cms),"Single (13 MP, f/2.45, Wide Angle Camera(3"" sensor size, 1.12 m pixel size))","Quad (48 MP, f/1.79 Camera + 8 MP, f/2.2, Wide Angle, Ultra-Wide Angle Camera(4.0"" sensor size, 1.12µm pixel size) + 2 MP, f/2.4 Camera(5.0"" sensor size, 1.12µm pixel size) + 2 MP, f/2.4, depth Camera(5.0"" sensor size, 1.75µm pixel size))",6.31 x 2.93 x 0.33 inch (160.4 x 74.5 x 8.3 mm),178.8 grams,Qualcomm Snapdragon 678,8 (Octa Core),"2.2GHz, Dual core, Kryo 460 + 1.7GHz, Hexa Core, Kryo 460",64-bit,Adreno 612,Android v11,MIUI,"Yes, Up to 512 GB (Dedicated)",Super AMOLED,1080 x 2400 pixels,20:09,"Yes, Capacitive, Multi-touch",16M Colors,409 pixels per inch (ppi),83.53%,Corning Gorilla Glass v3,1100 nits,"Yes, with Punch-hole",Rear (LED Flash),Exmor-RS CMOS Sensor,"Auto Flash, Auto Focus, Face detection, Touch to focus","Continuos Shooting, High Dynamic Range mode (HDR)",,"Rear: 3840x2160 @ 30 fps, 1920x1080 @ 60 fps, Front: 1920x1080 @ 30 fps, 1280x720 @ 30 fps",100 % in 74 minutes (claimed by Brand),5000 mAh,No,"Yes, 33W",No,Yes with a/ac/b/g/n,Bluetooth v5.0,"Yes with A-GPS, Glonass",Yes,Mobile Hotspot,Dual SIM (SIM1: Nano) (SIM2: Nano),"4G: Available (supports Indian bands), 3G: Available, 2G: Available",Yes,,Yes,"Yes, 3.5mm","Yes, Side","Light sensor, Proximity sensor, Accelerometer, Compass, Gyroscope",Yes,"Yes, Splash proof, IP53","Frost White, Aqua Green, Shadow Black",16-Mar-21,Li-Polymer,"USB Type-C, Mass storage device, USB charging"
SMP-9,EKM_AMZPPB_587,Xiaomi Redmi Note 10 Pro Max,Xiaomi Redmi,"Redmi Note 10 Pro Max (Dark Night, 6GB RAM, 128GB Storage) -108MP Quad Camera | 120Hz Super Amoled Display",Dark Night, 6GB RAM, 128GB Storage,"Rs. 19,999",4.1 out of 5 stars,EKM_AMZPPB_587_0,EKM_AMZPPB_587_1,EKM_AMZPPB_587_2,EKM_AMZPPB_587_3,EKM_AMZPPB_587_4,EKM_AMZPPB_587_5,https://www.amazon.in/Test-Exclusive_2020_1157-Multi-3GB-Storage/dp/B089MV3Q2G/ref=sr_1_578?dchild=1&keywords=mobiles&qid=1631127826&refinements=p_89%3AASUS%7CBlackBerry%7CCoolpad%7CGIONEE%7CGeneric%7CGoogle%7CHEEMAX%7CIKALL%7CIntex%7CLava%7CMI%7CMicromax%7CMoto%7CMotorola%7CNillkin%7CNokia%7COnePlus%7COppo%7CPHILIPS%7CRedmi%7CSHIVANSH%7CSamsung%7CSnexian%7CTecno%7CVivo%7CXiaomi%7CXifo%7CZiox%7CZopo%7CiQOO%7Citel%7Crealme&rnid=3837712031&s=electronics&sr=1-578,SMP-9,,,Qualcomm Snapdragon 732G,6.67 inches (16.94 cms),"Single (16 MP, f/2.45, Wide Angle Camera(3"" sensor size, 1 m pixel size))","Quad (108 MP, f/1.9, Wide Angle Camera + 8 MP, f/2.2, Wide Angle, Ultra-Wide Angle Camera(4.0"" sensor size, 1.12µm pixel size) + 5 MP, f/2.4 Camera + 2 MP, f/2.4, depth Camera)",6.48 x 3 x 0.32 inch (164.5 x 76.1 x 8.1 mm),192 grams,Qualcomm Snapdragon 732G,8 (Octa Core),"2.3GHz, Dual core, Kryo 470 + 1.8GHz, Hexa Core, Kryo 470",64-bit,Adreno 618,Android v11,MIUI,"Yes, microSD, Up to 512 GB (Dedicated)","Super AMOLED, HDR 10+",1080 x 2400 pixels,20:09,"Yes, Capacitive, Multi-touch",16M Colors,395 pixels per inch (ppi),85.80%,Corning Gorilla Glass v5,1200 nits,"Yes, with Punch-hole",Rear (LED Flash),ISOCELL Plus,"Auto Flash, Auto Focus, Face detection, Touch to focus","Continuos Shooting, High Dynamic Range mode (HDR)",,"Rear: 3840x2160 @ 30 fps, 1920x1080 @ 60 fps, Front: 1920x1080 @ 30 fps, 1280x720 @ 30 fps",100 % in 75 minutes (claimed by Brand),5020 mAh,No,"Yes, 33W",No,Yes with a/ac/b/g/n,Bluetooth v5.0,"Yes with A-GPS, Glonass",Yes,Mobile Hotspot,Dual SIM (SIM1: Nano) (SIM2: Nano),"4G: Available (supports Indian bands), 3G: Available, 2G: Available",Yes,,Yes,"Yes, 3.5mm","Yes, Side","Light sensor, Proximity sensor, Accelerometer, Compass, Gyroscope",Yes,"Yes, Splash proof, IP53","Vintage Bronze, Glacial Blue, Dark Night, Dark Nebula",18-Mar-21,Li-Polymer,"USB Type-C, Mass storage device, USB charging"
SMP-12,EKM_AMZPPB_5,Xiaomi Redmi 9 Prime,Xiaomi Redmi,"Redmi 9 Prime (Matte Black, 4GB RAM, 64GB Storage) - Full HD+ Display & AI Quad Camera",Matte Black, 4GB RAM, 64GB Storage,"Rs. 10,499",4.3 out of 5 stars,EKM_AMZPPB_5_0,EKM_AMZPPB_5_1,EKM_AMZPPB_5_2,EKM_AMZPPB_5_3,EKM_AMZPPB_5_4,EKM_AMZPPB_5_5,https://www.amazon.in/Redmi-Prime-Matte-Black-Storage/dp/B086982VLG/ref=sr_1_6?dchild=1&keywords=mobiles&qid=1631127762&refinements=p_89%3AASUS%7CBlackBerry%7CCoolpad%7CGIONEE%7CGeneric%7CGoogle%7CHEEMAX%7CIKALL%7CIntex%7CLava%7CMI%7CMicromax%7CMoto%7CMotorola%7CNillkin%7CNokia%7COnePlus%7COppo%7CPHILIPS%7CRedmi%7CSHIVANSH%7CSamsung%7CSnexian%7CTecno%7CVivo%7CXiaomi%7CXifo%7CZiox%7CZopo%7CiQOO%7Citel%7Crealme&rnid=3837712031&s=electronics&sr=1-6,SMP-12,Amazon.in,"?10,499",MediaTek Helio G80,6.53 inches (16.59 cms),"Single (8 MP, f/2.0 Camera(27 mm focal length))","Quad (13 MP, f/2.2, Wide Angle Camera + 8 MP, f/2.2, Wide Angle, Ultra-Wide Angle Camera(4.0"" sensor size, 1.12µm pixel size) + 5 MP, f/2.4 Camera + 2 MP, f/2.4, depth Camera)",6.43 x 3.03 x 0.36 inch (163.3 x 77 x 9.1 mm),198 grams,MediaTek Helio G80,8 (Octa Core),"2GHz, Dual core, Cortex A75 + 1.8GHz, Hexa Core, Cortex A55",64-bit,Mali-G52,Android v10 (Q),MIUI,"Yes, microSD, Up to 512 GB (Dedicated)",IPS LCD,1080 x 2340 pixels,19.5:9,"Yes, Capacitive, Multi-touch",16M Colors,395 pixels per inch (ppi),83.06%,Corning Gorilla Glass v3,400 nits,"Yes, with Waterdrop notch",Rear (LED Flash),"Light sensor, Proximity sensor, Accelerometer, Compass","Auto Flash, Auto Focus, Face detection, Touch to focus","Continuos Shooting, High Dynamic Range mode (HDR)",,"Rear: 1920x1080 @ 30 fps, Front: 1920x1080 @ 30 fps",20% to 100% in 02h 52m 44s (in-house tested),5020 mAh,No,"Yes, 18W",No,Yes with ac/b/g/n/n 5GHz,Bluetooth v5.0,"Yes with A-GPS, Glonass",Yes,"Wi-Fi Direct, Mobile Hotspot",Dual SIM (SIM1: Nano) (SIM2: Nano),"4G: Available (supports Indian bands), 3G: Available, 2G: Available",Yes,,Yes,"Yes, 3.5mm","Yes, Rear","Light sensor, Proximity sensor, Accelerometer, Compass",Yes,"Yes, Splash proof","Space Blue, Mint Green, Sunrise Flare, Matte Black",6-Aug-20,Li-ion,"USB Type-C, Mass storage device, USB charging"
SMP-14,EKM_AMZPPB_172,Xiaomi Redmi Note 10,Xiaomi Redmi,"Redmi Note 10 (Frost White, 4GB RAM, 64GB Storage) - Super Amoled Dot Display | 48MP Sony Sensor IMX582 | Snapdragon 678 Processor",Frost White, 4GB RAM, 64GB Storage,"Rs. 13,999",4.2 out of 5 stars,EKM_AMZPPB_172_0,EKM_AMZPPB_172_1,EKM_AMZPPB_172_2,EKM_AMZPPB_172_3,EKM_AMZPPB_172_4,EKM_AMZPPB_172_5,https://www.amazon.in/Test-Exclusive_2020_1141-Multi-3GB-Storage/dp/B089MS8VY3/ref=sr_1_145?dchild=1&keywords=mobiles&qid=1631127775&refinements=p_89%3AASUS%7CBlackBerry%7CCoolpad%7CGIONEE%7CGeneric%7CGoogle%7CHEEMAX%7CIKALL%7CIntex%7CLava%7CMI%7CMicromax%7CMoto%7CMotorola%7CNillkin%7CNokia%7COnePlus%7COppo%7CPHILIPS%7CRedmi%7CSHIVANSH%7CSamsung%7CSnexian%7CTecno%7CVivo%7CXiaomi%7CXifo%7CZiox%7CZopo%7CiQOO%7Citel%7Crealme&rnid=3837712031&s=electronics&sr=1-145,SMP-14,,,MediaTek Dimensity 700 MT6833,6.5 inches (16.51 cms),"Single (8 MP, f/2.0, Wide Angle Camera)","Triple (48 MP, f/1.79, Wide Angle Camera + 2 MP, f/2.4 Camera + 2 MP, f/2.4, depth Camera)",6.37 x 2.96 x 0.35 inch (161.8 x 75.3 x 8.9 mm),190 grams,MediaTek Dimensity 700 MT6833,8 (Octa Core),"2.2GHz, Quad core, Cortex A76 + 2GHz, Quad core, Cortex A55",64-bit,Mali-G57 MC2,Android v11,MIUI,"Yes, microSD, Up to 512 GB (Dedicated)",IPS LCD,1080 x 2400 pixels,20:09,"Yes, Capacitive, Multi-touch",16M Colors,405 pixels per inch (ppi),83.72%,Corning Gorilla Glass v3,400 nits,"Yes, with Punch-hole",Rear (Dual-color LED Flash),"Light sensor, Proximity sensor, Accelerometer, Compass, Gyroscope","Auto Flash, Auto Focus, Face detection, Touch to focus","Continuos Shooting, High Dynamic Range mode (HDR)",,"Rear: 3840x2160 @ 30 fps, 1920x1080 @ 30 fps, Front: 1920x1080 @ 30 fps",,5000 mAh,No,"Yes, 18W",No,Yes with a/ac/b/g/n,Bluetooth v5.1,"Yes with A-GPS, Glonass",Yes,Mobile Hotspot,Dual SIM (SIM1: Nano) (SIM2: Nano),"5G: Supported by device (network not rolled-out in India), 4G: Available (supports Indian bands), 3G: Available, 2G: Available",Yes,,Yes,"Yes, 3.5mm","Yes, Side","Light sensor, Proximity sensor, Accelerometer, Compass, Gyroscope",Yes,,"Chrome Silver, Graphite Gray, Nighttime Blue, Aurora Green",22nd September 2021,Li-Polymer,"USB Type-C, Mass storage device, USB charging"
SMP-15,EKM_AMZPPB_3,Xiaomi Redmi 9A,Xiaomi Redmi,"Redmi 9A (Nature Green, 2GB RAM, 32GB Storage) | 2GHz Octa-core Helio G25 Processor | 5000 mAh Battery",Nature Green, 2GB RAM, 32GB Storage,"Rs. 6,999",4.2 out of 5 stars,EKM_AMZPPB_3_0,EKM_AMZPPB_3_1,EKM_AMZPPB_3_2,EKM_AMZPPB_3_3,EKM_AMZPPB_3_4,EKM_AMZPPB_3_5,https://www.amazon.in/Redmi-9A-2GB-32GB-Storage/dp/B08696XB4B/ref=sr_1_3?dchild=1&keywords=mobiles&qid=1631127762&refinements=p_89%3AASUS%7CBlackBerry%7CCoolpad%7CGIONEE%7CGeneric%7CGoogle%7CHEEMAX%7CIKALL%7CIntex%7CLava%7CMI%7CMicromax%7CMoto%7CMotorola%7CNillkin%7CNokia%7COnePlus%7COppo%7CPHILIPS%7CRedmi%7CSHIVANSH%7CSamsung%7CSnexian%7CTecno%7CVivo%7CXiaomi%7CXifo%7CZiox%7CZopo%7CiQOO%7Citel%7Crealme&rnid=3837712031&s=electronics&sr=1-3,SMP-15,Amazon.in,"?6,999",MediaTek Helio G25,6.53 inches (16.59 cms),"Single (5 MP, f/2.2 Camera(1.12 m pixel size))","Single (13 MP, f/2.2 Camera)",6.49 x 3.03 x 0.35 inch (164.9 x 77 x 9 mm),194 grams,MediaTek Helio G25,Octa core,"Octa core, 2GHz, Cortex A53",64-bit,PowerVR GE8320,Android v10 (Q),MIUI,"Yes, microSD, Up to 512 GB (Dedicated)",IPS LCD,720 x 1600 pixels,20:09,"Yes, Capacitive, Multi-touch",16M Colors,269 pixels per inch (ppi),81.08%,,400 nits,"Yes, with Waterdrop notch",Rear (LED Flash),"Light sensor, Proximity sensor, Accelerometer, Compass","Auto Flash, Auto Focus, Face detection, Touch to focus","Continuos Shooting, High Dynamic Range mode (HDR)",,"Rear: 1920x1080 @ 30 fps, Front: 1920x1080 @ 30 fps",,5000 mAh,,,No,Yes with a/b/g/n,Bluetooth v5.0,"Yes with A-GPS, Glonass",Yes,Mobile Hotspot,Dual SIM (SIM1: Nano) (SIM2: Nano),"4G: Available (supports Indian bands), 3G: Available, 2G: Available",Yes,,Yes,"Yes, 3.5mm",No,"Light sensor, Proximity sensor, Accelerometer, Compass",Yes,"Yes, Splash proof","Midnight Black, Sea Blue, Nature Green",4-Sep-20,Li-Polymer,"microUSB 2.0, Mass storage device, USB charging"
SMP-17,EKM_AMZPPB_6,Xiaomi Redmi Note 9,Xiaomi Redmi,"Redmi Note 9 (Pebble Grey, 4GB RAM 64GB Storage) - 48MP Quad Camera & Full HD+ Display",Pebble Grey, 4GB RAM,64GB Storage,"Rs. 11,999",4.3 out of 5 stars,EKM_AMZPPB_6_0,EKM_AMZPPB_6_1,EKM_AMZPPB_6_2,EKM_AMZPPB_6_3,EKM_AMZPPB_6_4,EKM_AMZPPB_6_5,https://www.amazon.in/Redmi-Note-Pebble-Grey-Storage/dp/B086977TR6/ref=sr_1_7?dchild=1&keywords=mobiles&qid=1631127762&refinements=p_89%3AASUS%7CBlackBerry%7CCoolpad%7CGIONEE%7CGeneric%7CGoogle%7CHEEMAX%7CIKALL%7CIntex%7CLava%7CMI%7CMicromax%7CMoto%7CMotorola%7CNillkin%7CNokia%7COnePlus%7COppo%7CPHILIPS%7CRedmi%7CSHIVANSH%7CSamsung%7CSnexian%7CTecno%7CVivo%7CXiaomi%7CXifo%7CZiox%7CZopo%7CiQOO%7Citel%7Crealme&rnid=3837712031&s=electronics&sr=1-7,SMP-17,Amazon.in,"?11,999",MediaTek Helio G85,6.53 inches (16.59 cms),"Single (13 MP, f/2.25 Camera(3"" sensor size, 1.12 m pixel size))","Quad (48 MP, f/1.79 Camera + 8 MP, f/2.2, Wide Angle, Ultra-Wide Angle Camera(4.0"" sensor size) + 2 MP, f/2.4 Camera(1.75µm pixel size) + 2 MP, f/2.4, depth Camera(5.0"" sensor size))",6.35 x 3.02 x 0.34 inch (161.4 x 76.7 x 8.7 mm),200 grams,MediaTek Helio G85,8 (Octa Core),"2GHz, Dual core, Cortex A75 + 2GHz, Hexa Core, Cortex A55",64-bit,Mali-G52,Android v10 (Q),MIUI,"Yes, microSD, Up to 512 GB (Dedicated)",IPS LCD,1080 x 2340 pixels,19.5:9,"Yes, Capacitive, Multi-touch",16M Colors,395 pixels per inch (ppi),84.37%,Corning Gorilla Glass v5,450 nits,"Yes, with Punch-hole",Rear (LED Flash),ISOCELL Plus,"Auto Flash, Auto Focus, Face detection, Touch to focus","Continuos Shooting, High Dynamic Range mode (HDR)","Yes, Electric Image Stabilization (EIS)","Rear: 3840x2160 @ 30 fps, Front: 1920x1080 @ 30 fps",20% to 100% in 02h 32m 20s (in-house tested),5020 mAh,No,"Yes, 22.5W",No,Yes with a/b/g/n,Bluetooth v5.0,"Yes with A-GPS, Glonass",Yes,"Wi-Fi Direct, Mobile Hotspot",Dual SIM (SIM1: Nano) (SIM2: Nano),"4G: Available (supports Indian bands), 3G: Available, 2G: Available",Yes,Yes,Yes,"Yes, 3.5mm","Yes, Rear","Light sensor, Proximity sensor, Accelerometer, Compass, Gyroscope",Yes,"Yes, Splash proof","Pebble Grey, Arctic White, Aqua Green",24-Jul-20,Li-ion,"USB Type-C, Mass storage device, USB charging, USB On-The-Go"
SMP-19,EKM_AMZPPB_295,Xiaomi Redmi Note 9 Pro,Xiaomi Redmi,"Redmi Note 9 Pro (Glacier White, 4GB RAM, 64GB Storage) - Latest 8nm Snapdragon 720G &Alexa Hands-Free Capable",Glacier White, 4GB RAM, 64GB Storage,"Rs. 13,999",4.3 out of 5 stars,EKM_AMZPPB_295_0,EKM_AMZPPB_295_1,EKM_AMZPPB_295_2,EKM_AMZPPB_295_3,EKM_AMZPPB_295_4,EKM_AMZPPB_295_5,https://www.amazon.in/Test-Exclusive-551/dp/B0784D862L/ref=sr_1_252?dchild=1&keywords=mobiles&qid=1631127789&refinements=p_89%3AASUS%7CBlackBerry%7CCoolpad%7CGIONEE%7CGeneric%7CGoogle%7CHEEMAX%7CIKALL%7CIntex%7CLava%7CMI%7CMicromax%7CMoto%7CMotorola%7CNillkin%7CNokia%7COnePlus%7COppo%7CPHILIPS%7CRedmi%7CSHIVANSH%7CSamsung%7CSnexian%7CTecno%7CVivo%7CXiaomi%7CXifo%7CZiox%7CZopo%7CiQOO%7Citel%7Crealme&rnid=3837712031&s=electronics&sr=1-252,SMP-19,Amazon.in,"?13,999",Qualcomm Snapdragon 720G,6.67 inches (16.94 cms),Single (16 MP Camera(1 m pixel size)),"Quad (48 MP, f/1.79 Camera + 8 MP, f/2.2, Wide Angle, Ultra-Wide Angle Camera(1.12µm pixel size) + 5 MP, f/2.4 Camera(1.12µm pixel size) + 2 MP, f/2.4, depth Camera(1.75µm pixel size))",6.52 x 3.02 x 0.35 inch (165.7 x 76.6 x 8.8 mm),209 grams,Qualcomm Snapdragon 720G,8 (Octa Core),"2.3GHz, Dual core, Kryo 465 + 1.8GHz, Hexa Core, Kryo 465",64-bit,Adreno 618,Android v10 (Q),MIUI,"Yes, microSD, Up to 512 GB (Dedicated)","IPS LCD, 2.5D Curved Glass",1080 x 2400 pixels,20:09,"Yes, Capacitive, Multi-touch",16M Colors,395 pixels per inch (ppi),84.62%,Corning Gorilla Glass v5,450 nits,"Yes, with Punch-hole",Rear (LED Flash),"CMOS image sensor, ISOCELL Plus","Auto Flash, Auto Focus, Face detection, Touch to focus","Continuos Shooting, High Dynamic Range mode (HDR)","Yes, Electric Image Stabilization (EIS)","Rear: 3840x2160 @ 30 fps, 1920x1080 @ 60 fps, 1280x720 @ 960 fps, Front: 1920x1080 @ 30 fps, 1280x720 @ 30 fps",20% to 100% in 02h 15m 07s (in-house tested),5020 mAh,No,"Yes, 18W",No,"Yes with ac/b/g/n, MIMO",Bluetooth v5.0,"Yes with A-GPS, Glonass",Yes,"Wi-Fi Direct, Mobile Hotspot",Dual SIM (SIM1: Nano) (SIM2: Nano),"4G: Available (supports Indian bands), 3G: Available, 2G: Available",Yes,Yes,Yes,"Yes, 3.5mm","Yes, Side","Light sensor, Proximity sensor, Accelerometer, Compass, Gyroscope",Yes,"Yes, Splash proof","Aurora Blue, Glacier White, Interstellar Black, Champagne Gold",17-Mar-20,Li-Polymer,"USB Type-C, Mass storage device, USB charging, USB On-The-Go"
SMP-20,EKM_AMZPPB_4,Xiaomi Redmi 9,Xiaomi Redmi,"Redmi 9 (Sky Blue, 4GB RAM, 64GB Storage) | 2.3GHz Mediatek Helio G35 Octa core Processor",Sky Blue, 4GB RAM, 64GB Storage,"Rs. 9,499",4.2 out of 5 stars,EKM_AMZPPB_4_0,EKM_AMZPPB_4_1,EKM_AMZPPB_4_2,EKM_AMZPPB_4_3,EKM_AMZPPB_4_4,EKM_AMZPPB_4_5,https://www.amazon.in/Redmi-Sky-Blue-64GB-Storage/dp/B08697N43N/ref=sr_1_4?dchild=1&keywords=mobiles&qid=1631127762&refinements=p_89%3AASUS%7CBlackBerry%7CCoolpad%7CGIONEE%7CGeneric%7CGoogle%7CHEEMAX%7CIKALL%7CIntex%7CLava%7CMI%7CMicromax%7CMoto%7CMotorola%7CNillkin%7CNokia%7COnePlus%7COppo%7CPHILIPS%7CRedmi%7CSHIVANSH%7CSamsung%7CSnexian%7CTecno%7CVivo%7CXiaomi%7CXifo%7CZiox%7CZopo%7CiQOO%7Citel%7Crealme&rnid=3837712031&s=electronics&sr=1-4,SMP-20,Amazon.in,"?9,499",MediaTek Helio G35,6.53 inches (16.59 cms),"Single (5 MP, f/2.2 Camera(1.12 m pixel size))","Dual (13 MP, f/2.2 Camera + 2 MP, f/2.4, depth Camera)",6.49 x 3.03 x 0.35 inch (164.9 x 77 x 9 mm),194 grams,MediaTek Helio G35,Octa core,"Octa core, 2.3GHz, Cortex A53",64-bit,PowerVR GE8320,Android v10 (Q),MIUI,"Yes, Up to 512 GB (Dedicated)",IPS LCD,720 x 1600 pixels,20:09,"Yes, Capacitive, Multi-touch",16M Colors,269 pixels per inch (ppi),81.08%,,400 nits,"Yes, with Waterdrop notch","Rear (LED Flash), Front (Screen flash)","Light sensor, Proximity sensor, Accelerometer, Compass","Auto Flash, Auto Focus, Face detection, Touch to focus","Continuos Shooting, High Dynamic Range mode (HDR)",,"Rear: 1920x1080 @ 30 fps, 1280x720 @ 30 fps, Front: 1920x1080 @ 30 fps, 1280x720 @ 30 fps",,5000 mAh,No,,No,Yes with ac/b/g/n/n 5GHz,Bluetooth v5.0,"Yes with A-GPS, Glonass",Yes,"Wi-Fi Direct, Mobile Hotspot",Dual SIM (SIM1: Nano) (SIM2: Nano),"4G: Available (supports Indian bands), 3G: Available, 2G: Available",Yes,,Yes,"Yes, 3.5mm","Yes, Rear","Light sensor, Proximity sensor, Accelerometer, Compass",Yes,"Yes, Splash proof","Sporty Orange, Sky Blue, Carbon Black",31-Aug-20,Li-Polymer,"microUSB 2.0, Mass storage device, USB charging"
SMP-28,EKM_AMZPPB_756,Xiaomi Redmi Note 8 Pro,Xiaomi Redmi,"Redmi Note 8 Pro (Electric Blue, 6GB RAM, 64GB Storage with Helio G90T Processor)",Electric Blue, 6GB RAM, 64GB Storage,"Rs. 16,700",4.4 out of 5 stars,EKM_AMZPPB_756_0,EKM_AMZPPB_756_1,EKM_AMZPPB_756_2,EKM_AMZPPB_756_3,EKM_AMZPPB_756_4,EKM_AMZPPB_756_5,https://www.amazon.in/Redmi-Note-Pro-Electric-Processor/dp/B07X2KLYSF/ref=sr_1_777?dchild=1&keywords=mobiles&qid=1631127847&refinements=p_89%3AASUS%7CBlackBerry%7CCoolpad%7CGIONEE%7CGeneric%7CGoogle%7CHEEMAX%7CIKALL%7CIntex%7CLava%7CMI%7CMicromax%7CMoto%7CMotorola%7CNillkin%7CNokia%7COnePlus%7COppo%7CPHILIPS%7CRedmi%7CSHIVANSH%7CSamsung%7CSnexian%7CTecno%7CVivo%7CXiaomi%7CXifo%7CZiox%7CZopo%7CiQOO%7Citel%7Crealme&rnid=3837712031&s=electronics&sr=1-777,SMP-28,Amazon.in,"?16,700",MediaTek Helio G90T,6.53 inches (16.59 cms),"Single (20 MP, f/2.0 Camera(0.9 m pixel size))","Quad (64 MP, f/1.89 Camera + 8 MP, f/2.2, Wide Angle, Ultra-Wide Angle Camera(1.12µm pixel size) + 2 MP, f/2.4 Camera(1.75µm pixel size) + 2 MP, f/2.4, depth Camera(1.75µm pixel size))",6.37 x 3.01 x 0.35 inch (161.7 x 76.4 x 8.8 mm),200 grams,MediaTek Helio G90T,8 (Octa Core),"2.05GHz, Dual core, Cortex A76 + 2GHz, Hexa Core, Cortex A55",64-bit,Mali-G76 MP4,Android v9.0 (Pie),MIUI,"Yes, microSD, Up to 512 GB (Dedicated)","IPS LCD, HDR Display",1080 x 2340 pixels,19.5:9,"Yes, Capacitive, Multi-touch",16M Colors,395 pixels per inch (ppi),84.55%,Corning Gorilla Glass v5,500 nits,"Yes, with Waterdrop notch",Rear (Dual LED Flash),ISOCELL Plus,"Auto Flash, Auto Focus, Face detection, Touch to focus","Continuos Shooting, High Dynamic Range mode (HDR)","Yes, Electric Image Stabilization (EIS)","Rear: 3840x2160 @ 30 fps, 1920x1080 @ 60 fps, Front: 1920x1080 @ 30 fps, 1280x720 @ 30 fps",20% to 100% in 02h 38m 10s (in-house tested),4500 mAh,No,"Yes, 18W",No,Yes with a/ac/b/g/n/n 5GHz,Bluetooth v5.0,"Yes with A-GPS, Glonass",Yes,"Wi-Fi Direct, Mobile Hotspot",Dual SIM (SIM1: Nano) (SIM2: Nano),"4G: Available (supports Indian bands), 3G: Available, 2G: Available",Yes,Yes,Yes,"Yes, 3.5mm","Yes, Rear","Light sensor, Proximity sensor, Accelerometer, Compass, Gyroscope",Yes,"Yes, Splash proof","Gamma Green, Halo White, Shadow Black, Electric Blue",21-Oct-19,Li-Polymer,"USB Type-C, Mass storage device, USB charging, USB On-The-Go"
SMP-35,EKM_AMZPPB_659,Xiaomi Redmi Note 7 Pro,Xiaomi Redmi,"Redmi Note 7 Pro (Nebula Red, 64GB, 6GB RAM)",Nebula Red, 6GB RAM,64GB Storage,"Rs. 12,990",4.2 out of 5 stars,EKM_AMZPPB_659_0,EKM_AMZPPB_659_1,EKM_AMZPPB_659_2,EKM_AMZPPB_659_3,EKM_AMZPPB_659_4,EKM_AMZPPB_659_5,https://www.amazon.in/Redmi-Note-Pro-Nebula-64GB/dp/B07VJJWC2F/ref=sr_1_661?dchild=1&keywords=mobiles&qid=1631127834&refinements=p_89%3AASUS%7CBlackBerry%7CCoolpad%7CGIONEE%7CGeneric%7CGoogle%7CHEEMAX%7CIKALL%7CIntex%7CLava%7CMI%7CMicromax%7CMoto%7CMotorola%7CNillkin%7CNokia%7COnePlus%7COppo%7CPHILIPS%7CRedmi%7CSHIVANSH%7CSamsung%7CSnexian%7CTecno%7CVivo%7CXiaomi%7CXifo%7CZiox%7CZopo%7CiQOO%7Citel%7Crealme&rnid=3837712031&s=electronics&sr=1-661,SMP-35,Amazon.in,"?13,990",Qualcomm Snapdragon 675,6.3 inches (16 cms),"Single (13 MP, f/2.0 Camera(1.12 m pixel size))","Dual (48 MP, f/1.79 Camera + 5 MP, f/2.4, depth Camera)",6.27 x 2.96 x 0.32 inch (159.2 x 75.2 x 8.1 mm),186 grams,Qualcomm Snapdragon 675,8 (Octa Core),"2GHz, Dual core, Kryo 460 + 1.7GHz, Hexa Core, Kryo 460",64-bit,Adreno 612,Android v9.0 (Pie),MIUI,"Yes, microSD, Up to 256 GB (Hybrid Slot)","IPS LCD, 2.5D Curved Glass",1080 x 2340 pixels,19.5:9,"Yes, Capacitive, Multi-touch",16M Colors,409 pixels per inch (ppi),81.21%,Corning Gorilla Glass v5,,"Yes, with Waterdrop notch",Rear (LED Flash),Exmor-RS CMOS Sensor,"Auto Flash, Auto Focus, Face detection, Touch to focus","Continuos Shooting, High Dynamic Range mode (HDR)","Yes, Electric Image Stabilization (EIS)","Rear: 3840x2160 @ 30 fps, 1920x1080 @ 60 fps, 1280x720 @ 120 fps, Front: 1920x1080 @ 30 fps",20% to 100% in 01h 25m 33s (in-house tested),4000 mAh,,"Yes, Quick, v4.0",No,Yes with a/ac/b/g/n/n 5GHz,Bluetooth v5.0,"Yes with A-GPS, Glonass",Yes,"Wi-Fi Direct, Mobile Hotspot",Dual SIM (SIM1: Nano) (SIM2: Hybrid),"4G: Available (supports Indian bands), 3G: Available, 2G: Available",Yes,Yes,Yes,"Yes, 3.5mm","Yes, Rear","Light sensor, Proximity sensor, Accelerometer, Compass, Gyroscope",Yes,"Yes, Splash proof","Space Black, Neptune Blue, Nebula Red, Astro White",13-Mar-19,Li-Polymer,"USB Type-C, Mass storage device, USB charging, USB On-The-Go"
SMP-38,EKM_AMZPPB_669,Xiaomi Redmi 7,Xiaomi Redmi,"Redmi 7 (Lunar Red, 2GB RAM, SD 632, 32GB Storage, 4000mAH Battery)",Lunar Red,2GB RAM, 32GB Storage,"Rs. 9,999",4.1 out of 5 stars,EKM_AMZPPB_669_0,EKM_AMZPPB_669_1,EKM_AMZPPB_669_2,EKM_AMZPPB_669_3,EKM_AMZPPB_669_4,EKM_AMZPPB_669_5,https://www.amazon.in/Redmi-Lunar-Storage-4000mAH-Battery/dp/B07QS3VR5F/ref=sr_1_673?dchild=1&keywords=mobiles&qid=1631127836&refinements=p_89%3AASUS%7CBlackBerry%7CCoolpad%7CGIONEE%7CGeneric%7CGoogle%7CHEEMAX%7CIKALL%7CIntex%7CLava%7CMI%7CMicromax%7CMoto%7CMotorola%7CNillkin%7CNokia%7COnePlus%7COppo%7CPHILIPS%7CRedmi%7CSHIVANSH%7CSamsung%7CSnexian%7CTecno%7CVivo%7CXiaomi%7CXifo%7CZiox%7CZopo%7CiQOO%7Citel%7Crealme&rnid=3837712031&s=electronics&sr=1-673,SMP-38,Amazon.in,"?7,998",Qualcomm Snapdragon 632,6.26 inches (15.9 cms),"Single (8 MP, f/2.0 Camera(1.12 m pixel size))","Dual (12 MP, f/2.2 Camera + 2 MP, depth Camera)",6.25 x 2.97 x 0.33 inch (158.7 x 75.5 x 8.4 mm),180 grams,Qualcomm Snapdragon 632,8 (Octa Core),"1.8GHz, Quad core, Kryo 250 + 1.8GHz, Quad core, Kryo 250",64-bit,Adreno 506,Android v9.0 (Pie),MIUI,"Yes, microSD, Up to 512 GB (Dedicated)","IPS LCD, 2.5D Curved Glass",720 x 1520 pixels,19:09,"Yes, Capacitive, Multi-touch",16M Colors,269 pixels per inch (ppi),81.23%,Corning Gorilla Glass v5,,"Yes, with Waterdrop notch","Rear (LED Flash), Front (Screen flash)","Light sensor, Proximity sensor, Accelerometer, Compass","Auto Flash, Auto Focus, Face detection, Touch to focus","Continuos Shooting, High Dynamic Range mode (HDR)",,"Rear: 1920x1080 @ 30 fps, 1280x720 @ 30 fps, Front: 1920x1080 @ 30 fps",20% to 100% in 02h 03m 37s (in-house tested),4000 mAh,No,No,No,Yes with b/g/n,Bluetooth v4.2,"Yes with A-GPS, Glonass",Yes,"Wi-Fi Direct, Mobile Hotspot",Dual SIM (SIM1: Nano) (SIM2: Nano),"4G: Available (supports Indian bands), 3G: Available, 2G: Available",Yes,Yes,Yes,"Yes, 3.5mm","Yes, Rear","Light sensor, Proximity sensor, Accelerometer, Compass",Yes,"Yes, Splash proof","Comet Blue, Lunar Red, Eclipse Black",29-Apr-19,Li-Polymer,"microUSB, Mass storage device, USB charging, USB On-The-Go"
SMP-39,EKM_AMZPPB_645,Xiaomi Redmi K20,Xiaomi Redmi,"Redmi K20 (Glacier Blue, 6GB RAM, 128GB Storage)",Glacier Blue, 6GB RAM, 128GB Storage,"Rs. 19,790",4.2 out of 5 stars,EKM_AMZPPB_645_0,EKM_AMZPPB_645_1,EKM_AMZPPB_645_2,EKM_AMZPPB_645_3,EKM_AMZPPB_645_4,EKM_AMZPPB_645_5,https://www.amazon.in/Redmi-K20-Glacier-Storage-Exchange/dp/B082FNDQT7/ref=sr_1_642?dchild=1&keywords=mobiles&qid=1631127831&refinements=p_89%3AASUS%7CBlackBerry%7CCoolpad%7CGIONEE%7CGeneric%7CGoogle%7CHEEMAX%7CIKALL%7CIntex%7CLava%7CMI%7CMicromax%7CMoto%7CMotorola%7CNillkin%7CNokia%7COnePlus%7COppo%7CPHILIPS%7CRedmi%7CSHIVANSH%7CSamsung%7CSnexian%7CTecno%7CVivo%7CXiaomi%7CXifo%7CZiox%7CZopo%7CiQOO%7Citel%7Crealme&rnid=3837712031&s=electronics&sr=1-642,SMP-39,Amazon.in,"?16,515",Qualcomm Snapdragon 730,6.39 inches (16.23 cms),"Single (20 MP, f/2.2 Camera(0.8 m pixel size))","Triple (48 MP, f/1.75 Camera + 13 MP, f/2.4, Wide Angle, Ultra-Wide Angle Camera(3"" sensor size, 1.12µm pixel size) + 8 MP, f/2.4, Telephoto Camera(4.0"" sensor size, 1.12µm pixel size))",6.17 x 2.93 x 0.35 inch (156.7 x 74.3 x 8.8 mm),191 grams,Qualcomm Snapdragon 730,8 (Octa Core),"2.2GHz, Dual core, Kryo 470 + 1.8GHz, Hexa Core, Kryo 470",64-bit,Adreno 618,Android v9.0 (Pie),MIUI,No,"AMOLED, HDR Display",1080 x 2340 pixels,19.5:9,"Yes, Capacitive, Multi-touch",16M Colors,403 pixels per inch (ppi),85.90%,Corning Gorilla Glass v5,,,Rear (Dual LED Flash),Exmor-RS CMOS Sensor,"Auto Flash, Auto Focus, Face detection, Touch to focus","Continuos Shooting, High Dynamic Range mode (HDR)","Yes, Electric Image Stabilization (EIS)","Rear: 3840x2160 @ 30 fps, 1920x1080 @ 60 fps, 1280x720 @ 120 fps, Front: 1920x1080 @ 30 fps, 1280x720 @ 30 fps",20% to 100% in 01h 38m 18s (in-house tested),4000 mAh,,"Yes, Quick, v3.0, 18W",No,"Yes with ac/b/g/n, MIMO",Bluetooth v5.0,"Yes with A-GPS, Glonass",Yes,"Wi-Fi Direct, Mobile Hotspot",Dual SIM (SIM1: Nano) (SIM2: Nano),"4G: Available (supports Indian bands), 3G: Available, 2G: Available",Yes,Yes,Yes,"Yes, 3.5mm","Yes, On-screen","Light sensor, Proximity sensor, Accelerometer, Compass, Gyroscope",Yes,,"Carbon Black, Flame Red, Glacier Blue, Pearl White",22-Jul-19,Li-Polymer,"USB Type-C, Mass storage device, USB charging, USB On-The-Go"
SMP-46,EKM_AMZPPB_1248,Xiaomi Redmi Note 5 Pro,Xiaomi Redmi,"Redmi Note 5 Pro (Red, 4GB RAM, 64GB Storage)",Red, 4GB RAM, 64GB Storage,"Rs. 14,999",4.3 out of 5 stars,EKM_AMZPPB_1248_0,EKM_AMZPPB_1248_1,EKM_AMZPPB_1248_2,EKM_AMZPPB_1248_3,EKM_AMZPPB_1248_4,EKM_AMZPPB_1248_5,https://www.amazon.in/Redmi-Note-Pro-64GB-Storage/dp/B07K4952R3/ref=sr_1_1422?dchild=1&keywords=mobiles&qid=1631127919&refinements=p_89%3AASUS%7CBlackBerry%7CCoolpad%7CGIONEE%7CGeneric%7CGoogle%7CHEEMAX%7CIKALL%7CIntex%7CLava%7CMI%7CMicromax%7CMoto%7CMotorola%7CNillkin%7CNokia%7COnePlus%7COppo%7CPHILIPS%7CRedmi%7CSHIVANSH%7CSamsung%7CSnexian%7CTecno%7CVivo%7CXiaomi%7CXifo%7CZiox%7CZopo%7CiQOO%7Citel%7Crealme&rnid=3837712031&s=electronics&sr=1-1422,SMP-46,Amazon.in,"?13,999",Qualcomm Snapdragon 636,5.99 inches (15.21 cms),"Single (20 MP, f/2.2 Camera(2.8"" sensor size, 1 m pixel size))","Dual (12 MP, f/2.2 Camera + 5 MP, f/2.0, depth Camera(1.12µm pixel size))",6.24 x 2.97 x 0.31 inch (158.6 x 75.4 x 8 mm),181 grams,Qualcomm Snapdragon 636,8 (Octa Core),"1.8GHz, Quad core, Kryo 260 + 1.6GHz, Quad core, Kryo 260",64-bit,Adreno 509,Android v7.1.2 (Nougat),MIUI,"Yes, microSD, Up to 128 GB (Hybrid Slot)","IPS LCD, 2.5D Curved Glass",1080 x 2160 pixels,18:09,"Yes, Capacitive, Multi-touch",16M Colors,403 pixels per inch (ppi),77.43%,"Corning Gorilla Glass v3, Scratch-resistant glass",,,"Rear (Dual-color LED Flash), Front (LED Flash)",Exmor-RS CMOS Sensor,"Auto Flash, Auto Focus, Face detection, Touch to focus","Continuos Shooting, High Dynamic Range mode (HDR)",,"Rear: 1920x1080 @ 30 fps, Front: 1920x1080 @ 30 fps",,4000 mAh,No,"Yes, Quick, v2.0",No,Yes with a/ac/b/g/n/n 5GHz,Bluetooth v5.0,"Yes with A-GPS, Glonass",Yes,"Wi-Fi Direct, Mobile Hotspot",Dual SIM (SIM1: Nano) (SIM2: Hybrid),"4G: Available (supports Indian bands), 3G: Available, 2G: Available",Yes,Yes,Yes,"Yes, 3.5mm","Yes, Rear","Light sensor, Proximity sensor, Accelerometer, Compass, Gyroscope",Yes,,"Black, Gold, Red, Rose Gold, Lake Blue",22-Feb-18,Li-Polymer,"microUSB 2.0, Mass storage device, USB charging, USB On-The-Go"
SMP-51,EKM_AMZPPB_1054,Xiaomi Redmi Note 7,Xiaomi Redmi,"Redmi Note 7 (Onyx Black, 4GB RAM, 64GB Storage)",Onyx Black, 4GB RAM, 64GB Storage,"Rs. 14,990",4.3 out of 5 stars,EKM_AMZPPB_1054_0,EKM_AMZPPB_1054_1,EKM_AMZPPB_1054_2,EKM_AMZPPB_1054_3,EKM_AMZPPB_1054_4,EKM_AMZPPB_1054_5,https://www.amazon.in/Redmi-Note-Onyx-Black-Storage/dp/B07PKTGR91/ref=sr_1_1147?dchild=1&keywords=mobiles&qid=1631127887&refinements=p_89%3AASUS%7CBlackBerry%7CCoolpad%7CGIONEE%7CGeneric%7CGoogle%7CHEEMAX%7CIKALL%7CIntex%7CLava%7CMI%7CMicromax%7CMoto%7CMotorola%7CNillkin%7CNokia%7COnePlus%7COppo%7CPHILIPS%7CRedmi%7CSHIVANSH%7CSamsung%7CSnexian%7CTecno%7CVivo%7CXiaomi%7CXifo%7CZiox%7CZopo%7CiQOO%7Citel%7Crealme&rnid=3837712031&s=electronics&sr=1-1147,SMP-51,Amazon.in,"?11,499",Qualcomm Snapdragon 660 MSM8956,6.3 inches (16 cms),"Single (13 MP, f/2.0 Camera(1.12 m pixel size))","Dual (12 MP, f/2.2 Camera + 2 MP, f/2.4, depth Camera)",6.27 x 2.96 x 0.32 inch (159.2 x 75.2 x 8.1 mm),185 grams,Qualcomm Snapdragon 660 MSM8956,8 (Octa Core),"2.2GHz, Quad core, Kryo 260 + 1.8GHz, Quad core, Kryo 260",64-bit,Adreno 512,Android v9.0 (Pie),MIUI,"Yes, microSD, Up to 256 GB (Hybrid Slot)","IPS LCD, 2.5D Curved Glass",1080 x 2340 pixels,19.5:9,"Yes, Capacitive, Multi-touch",16M Colors,409 pixels per inch (ppi),81.21%,Corning Gorilla Glass v5,,"Yes, with Waterdrop notch",Rear (LED Flash),Exmor-RS CMOS Sensor,"Auto Flash, Auto Focus, Face detection, Touch to focus","Continuos Shooting, High Dynamic Range mode (HDR)","Yes, Electric Image Stabilization (EIS)","Rear: 1920x1080 @ 30 fps, 1280x720 @ 120 fps, Front: 1920x1080 @ 30 fps",,4000 mAh,,"Yes, Quick, v4.0",No,Yes with a/ac/b/g/n/n 5GHz,Bluetooth v5.0,"Yes with A-GPS, Glonass",Yes,"Wi-Fi Direct, Mobile Hotspot",Dual SIM (SIM1: Nano) (SIM2: Hybrid),"4G: Available (supports Indian bands), 3G: Available, 2G: Available",Yes,Yes,Yes,"Yes, 3.5mm","Yes, Rear","Light sensor, Proximity sensor, Accelerometer, Compass, Gyroscope",Yes,"Yes, Splash proof","Onyx Black, Ruby Red, Sapphire Blue",5-Mar-19,Li-Polymer,"USB Type-C, Mass storage device, USB charging, USB On-The-Go"
SMP-60,EKM_AMZPPB_1489,Xiaomi Redmi Note 5,Xiaomi Redmi,"Redmi Note 5 (Rose Gold, 32 GB) (3 GB RAM)",Rose Gold,, 32 GB Storage,"Rs. 9,699",4.0 out of 5 stars,EKM_AMZPPB_1489_0,EKM_AMZPPB_1489_1,EKM_AMZPPB_1489_2,EKM_AMZPPB_1489_3,EKM_AMZPPB_1489_4,EKM_AMZPPB_1489_5,https://www.amazon.in/Redmi-Note-Rose-Gold-RAM/dp/B07V4362D6/ref=sr_1_1793?dchild=1&keywords=mobiles&qid=1631127958&refinements=p_89%3AASUS%7CBlackBerry%7CCoolpad%7CGIONEE%7CGeneric%7CGoogle%7CHEEMAX%7CIKALL%7CIntex%7CLava%7CMI%7CMicromax%7CMoto%7CMotorola%7CNillkin%7CNokia%7COnePlus%7COppo%7CPHILIPS%7CRedmi%7CSHIVANSH%7CSamsung%7CSnexian%7CTecno%7CVivo%7CXiaomi%7CXifo%7CZiox%7CZopo%7CiQOO%7Citel%7Crealme&rnid=3837712031&s=electronics&sr=1-1793,SMP-60,Amazon.in,"?9,399",Qualcomm Snapdragon 625 MSM8953,5.99 inches (15.21 cms),"Single (5 MP, f/2.0 Camera)","Single (12 MP, f/2.2 Camera)",6.24 x 2.97 x 0.31 inch (158.5 x 75.4 x 8 mm),180 grams,Qualcomm Snapdragon 625 MSM8953,Octa core,"Octa core, 2GHz, Cortex A53",64-bit,Adreno 506,Android v7.1.2 (Nougat),MIUI,"Yes, microSD, Up to 128 GB (Hybrid Slot)","IPS LCD, 2.5D Curved Glass",1080 x 2160 pixels,18:09,"Yes, Capacitive, Multi-touch",16M Colors,403 pixels per inch (ppi),77.48%,Corning Gorilla Glass,,,"Rear (Dual-color LED Flash), Front (LED Flash)",CMOS image sensor,"Auto Flash, Auto Focus, Face detection, Touch to focus","Continuos Shooting, High Dynamic Range mode (HDR)",,"Rear: 1920x1080 @ 30 fps, Front: 1920x1080 @ 30 fps",,4000 mAh,No,No,No,Yes with a/b/g/n/n 5GHz,Bluetooth v4.2,"Yes with A-GPS, Glonass",Yes,"Wi-Fi Direct, Mobile Hotspot",Dual SIM (SIM1: Nano) (SIM2: Hybrid),"4G: Available (supports Indian bands), 3G: Available, 2G: Available",Yes,Yes,Yes,"Yes, 3.5mm","Yes, Rear","Light sensor, Proximity sensor, Accelerometer, Compass, Gyroscope",,,"Black, Gold, Rose Gold, Lake Blue",22-Feb-18,Li-Polymer,"microUSB 2.0, Mass storage device, USB charging, USB On-The-Go"
SMP-64,EKM_AMZPPB_596,Xiaomi Redmi 6 Pro,Xiaomi Redmi,"Redmi 6 Pro (Black, 4GB RAM, 64GB Storage)",Black, 4GB RAM, 64GB Storage,"Rs. 13,299",4.1 out of 5 stars,EKM_AMZPPB_596_0,EKM_AMZPPB_596_1,EKM_AMZPPB_596_2,EKM_AMZPPB_596_3,EKM_AMZPPB_596_4,EKM_AMZPPB_596_5,https://www.amazon.in/Redmi-Pro-Black-64GB-Storage/dp/B07DJHXWZZ/ref=sr_1_588?dchild=1&keywords=mobiles&qid=1631127826&refinements=p_89%3AASUS%7CBlackBerry%7CCoolpad%7CGIONEE%7CGeneric%7CGoogle%7CHEEMAX%7CIKALL%7CIntex%7CLava%7CMI%7CMicromax%7CMoto%7CMotorola%7CNillkin%7CNokia%7COnePlus%7COppo%7CPHILIPS%7CRedmi%7CSHIVANSH%7CSamsung%7CSnexian%7CTecno%7CVivo%7CXiaomi%7CXifo%7CZiox%7CZopo%7CiQOO%7Citel%7Crealme&rnid=3837712031&s=electronics&sr=1-588,SMP-64,Amazon.in,"?8,999",Qualcomm Snapdragon 625 MSM8953,5.84 inches (14.83 cms),"Single (5 MP, f/2.0 Camera)","Dual (12 MP, f/2.2 Camera + 5 MP, f/2.2, depth Camera(1.12µm pixel size))",5.88 x 2.82 x 0.34 inch (149.3 x 71.6 x 8.7 mm),178 grams,Qualcomm Snapdragon 625 MSM8953,Octa core,"Octa core, 2GHz, Cortex A53",64-bit,Adreno 506,Android v8.1 (Oreo),MIUI,"Yes, microSD, Up to 256 GB (Dedicated)","IPS LCD, 2.5D Curved Glass",1080 x 2280 pixels,19:09,"Yes, Capacitive, Multi-touch",16M Colors,432 pixels per inch (ppi),79.24%,,,"Yes, with notch",Rear (LED Flash),Exmor-RS CMOS Sensor,"Auto Flash, Auto Focus, Face detection, Touch to focus","Continuos Shooting, High Dynamic Range mode (HDR)","Yes, Electric Image Stabilization (EIS)","Rear: 1920x1080 @ 30 fps, 1280x720 @ 120 fps, Front: 1920x1080 @ 30 fps",,4000 mAh,No,No,No,Yes with a/b/g/n,Bluetooth v4.2,"Yes with A-GPS, Glonass",Yes,"Wi-Fi Direct, Mobile Hotspot",Dual SIM (SIM1: Nano) (SIM2: Nano),"4G: Available (supports Indian bands), 3G: Available, 2G: Available",Yes,Yes,Yes,"Yes, 3.5mm","Yes, Rear","Light sensor, Proximity sensor, Accelerometer, Compass, Gyroscope",Yes,,,11-Sep-18,Li-Polymer,"microUSB 2.0, Mass storage device, USB charging, USB On-The-Go"
SMP-68,EKM_AMZPPB_967,Xiaomi Redmi 6,Xiaomi Redmi,"Redmi 6 (Gold, 3GB RAM, 64GB Storage)",Gold, 3GB RAM, 64GB Storage,"Rs. 9,500",4.1 out of 5 stars,EKM_AMZPPB_967_0,EKM_AMZPPB_967_1,EKM_AMZPPB_967_2,EKM_AMZPPB_967_3,EKM_AMZPPB_967_4,EKM_AMZPPB_967_5,https://www.amazon.in/Redmi-Gold-3GB-64GB-Storage/dp/B07R7GR49F/ref=sr_1_1037?dchild=1&keywords=mobiles&qid=1631127876&refinements=p_89%3AASUS%7CBlackBerry%7CCoolpad%7CGIONEE%7CGeneric%7CGoogle%7CHEEMAX%7CIKALL%7CIntex%7CLava%7CMI%7CMicromax%7CMoto%7CMotorola%7CNillkin%7CNokia%7COnePlus%7COppo%7CPHILIPS%7CRedmi%7CSHIVANSH%7CSamsung%7CSnexian%7CTecno%7CVivo%7CXiaomi%7CXifo%7CZiox%7CZopo%7CiQOO%7Citel%7Crealme&rnid=3837712031&s=electronics&sr=1-1037,SMP-68,,,MediaTek Helio P22,5.45 inches (13.84 cms),"Single (5 MP, f/2.2 Camera)","Dual (12 MP, f/2.2 Camera + 5 MP, depth Camera(1.12µm pixel size))",5.81 x 2.81 x 0.33 inch (147.5 x 71.5 x 8.3 mm),146 grams,MediaTek Helio P22,Octa core,"Octa core, 2GHz, Cortex A53",64-bit,PowerVR GE8320,Android v8.1 (Oreo),MIUI,"Yes, microSD, Up to 256 GB (Dedicated)","IPS LCD, 2.5D Curved Glass",720 x 1440 pixels,18:09,"Yes, Capacitive, Multi-touch",16M Colors,295 pixels per inch (ppi),72.68%,,,,Rear (LED Flash),"CMOS image sensor, Exmor-RS CMOS Sensor","Auto Flash, Auto Focus, Face detection, Touch to focus","Continuos Shooting, High Dynamic Range mode (HDR)","Yes, Electric Image Stabilization (EIS)","Rear: 1920x1080 @ 30 fps, 1280x720 @ 30 fps, 640x480 @ 120 fps",,3000 mAh,No,No,No,Yes with b/g/n,Bluetooth v4.2,"Yes with A-GPS, Glonass",Yes,"Wi-Fi Direct, Mobile Hotspot",Dual SIM (SIM1: Nano) (SIM2: Nano),"4G: Available (supports Indian bands), 3G: Available, 2G: Available",Yes,Yes,Yes,"Yes, 3.5mm","Yes, Rear","Light sensor, Proximity sensor, Accelerometer, Compass",Yes,,"Black, Blue, Gold, Rose Gold",10-Sep-18,Li-Polymer,"microUSB 2.0, Mass storage device, USB charging, USB On-The-Go"
SMP-79,EKM_AMZPPB_644,Xiaomi Redmi Y2,Xiaomi Redmi,"Redmi Y2 (Gold, 3GB RAM, 32GB Storage)",Gold, 3GB RAM, 32GB Storage,"Rs. 10,499",4.2 out of 5 stars,EKM_AMZPPB_644_0,EKM_AMZPPB_644_1,EKM_AMZPPB_644_2,EKM_AMZPPB_644_3,EKM_AMZPPB_644_4,EKM_AMZPPB_644_5,https://www.amazon.in/Redmi-Y2-Gold-32GB-Storage/dp/B077PWK5QD/ref=sr_1_640?dchild=1&keywords=mobiles&qid=1631127831&refinements=p_89%3AASUS%7CBlackBerry%7CCoolpad%7CGIONEE%7CGeneric%7CGoogle%7CHEEMAX%7CIKALL%7CIntex%7CLava%7CMI%7CMicromax%7CMoto%7CMotorola%7CNillkin%7CNokia%7COnePlus%7COppo%7CPHILIPS%7CRedmi%7CSHIVANSH%7CSamsung%7CSnexian%7CTecno%7CVivo%7CXiaomi%7CXifo%7CZiox%7CZopo%7CiQOO%7Citel%7Crealme&rnid=3837712031&s=electronics&sr=1-640,SMP-79,,,Qualcomm Snapdragon 625 MSM8953,5.99 inches (15.21 cms),"Single (16 MP, f/2.0 Camera(26 mm focal length, 3.1"" sensor size, 1 m pixel size))","Dual (12 MP, f/2.2 Camera + 5 MP, depth Camera)",6.33 x 3.04 x 0.32 inch (160.7 x 77.2 x 8.1 mm),170 grams,Qualcomm Snapdragon 625 MSM8953,Octa core,"Octa core, 2GHz, Cortex A53",64-bit,Adreno 506,Android v8.1 (Oreo),MIUI,"Yes, microSD, Up to 256 GB (Dedicated)","IPS LCD, 2.5D Curved Glass",720 x 1440 pixels,18:09,"Yes, Capacitive, Multi-touch",16M Colors,269 pixels per inch (ppi),74.64%,Corning Gorilla Glass v3,,,"Rear (Dual-color LED Flash), Front (LED Flash)","CMOS image sensor, Exmor-RS CMOS Sensor","Auto Flash, Auto Focus, Face detection, Touch to focus","Continuos Shooting, High Dynamic Range mode (HDR)","Yes, Electric Image Stabilization (EIS)","Rear: 1920x1080 @ 30 fps, 1280x720 @ 30 fps, Front: 1920x1080 @ 30 fps",,3080 mAh,No,No,No,Yes with b/g/n,Bluetooth v4.2,"Yes with A-GPS, Glonass",Yes,"Wi-Fi Direct, Mobile Hotspot",Dual SIM (SIM1: Nano) (SIM2: Nano),"4G: Available (supports Indian bands), 3G: Available, 2G: Available",Yes,Yes,Yes,"Yes, 3.5mm","Yes, Rear","Light sensor, Proximity sensor, Accelerometer, Compass, Gyroscope",Yes,,"Black, Blue, Elegant Gold, Rose Gold, Dark Grey",12-Jun-18,Li-Polymer,"microUSB 2.0, Mass storage device, USB charging, USB On-The-Go"
SMP-86,EKM_AMZPPB_755,Xiaomi Redmi Note 4,Xiaomi Redmi,"Redmi Note 4 (Grey, 4GB RAM, 64GB Storage)",Grey, 4GB RAM, 64GB Storage,"Rs. 11,999",4.2 out of 5 stars,EKM_AMZPPB_755_0,EKM_AMZPPB_755_1,EKM_AMZPPB_755_2,EKM_AMZPPB_755_3,EKM_AMZPPB_755_4,EKM_AMZPPB_755_5,https://www.amazon.in/Redmi-Note-Grey-64GB-Storage/dp/B078BN2H39/ref=sr_1_776?dchild=1&keywords=mobiles&qid=1631127847&refinements=p_89%3AASUS%7CBlackBerry%7CCoolpad%7CGIONEE%7CGeneric%7CGoogle%7CHEEMAX%7CIKALL%7CIntex%7CLava%7CMI%7CMicromax%7CMoto%7CMotorola%7CNillkin%7CNokia%7COnePlus%7COppo%7CPHILIPS%7CRedmi%7CSHIVANSH%7CSamsung%7CSnexian%7CTecno%7CVivo%7CXiaomi%7CXifo%7CZiox%7CZopo%7CiQOO%7Citel%7Crealme&rnid=3837712031&s=electronics&sr=1-776,SMP-86,Flipkart,"?8,700",Qualcomm Snapdragon 625 MSM8953,5.5 inches (13.97 cms),"Single (5 MP, f/2.0 Camera)","Single (13 MP, f/2.0 Camera)",5.94 x 2.99 x 0.33 inch (151 x 76 x 8.4 mm),165 grams,Qualcomm Snapdragon 625 MSM8953,Octa core,"Octa core, 2GHz, Cortex A53",64-bit,Adreno 506,Android v6.0.1 (Marshmallow),MIUI,"Yes, microSD, Up to 128 GB (Hybrid Slot)","IPS LCD, 2.5D Curved Glass",1080 x 1920 pixels,,"Yes, Capacitive, Multi-touch",16M Colors,401 pixels per inch (ppi),72.50%,,,,Rear (Dual-color LED Flash),"Back-illuminated sensor (BSI), Exmor-RS CMOS Sensor","Auto Flash, Auto Focus, Face detection, Touch to focus","Continuos Shooting, High Dynamic Range mode (HDR)",,"Rear: 1920x1080 @ 30 fps, 1280x720 @ 120 fps, Front: 1280x720 @ 30 fps",,4100 mAh,No,No,No,Yes with a/b/g/n,Bluetooth v4.1,"Yes with A-GPS, Glonass",Yes,"Wi-Fi Direct, Mobile Hotspot",Dual SIM (SIM1: Micro) (SIM2: Hybrid),"4G: Available (supports Indian bands), 3G: Available, 2G: Available",Yes,Yes,Yes,"Yes, 3.5mm","Yes, Rear","Light sensor, Proximity sensor, Accelerometer, Compass, Gyroscope",,,,23-Jan-17,Li-Polymer,"microUSB 2.0, Mass storage device, USB charging, USB On-The-Go"
SMP-93,EKM_AMZPPB_1011,Xiaomi Redmi Note 7S,Xiaomi Redmi,"Redmi Note 7S (3GB, 32GB, Ruby Red)", Ruby Red,3GB RAM,32GB,"Rs. 10,829",4.8 out of 5 stars,EKM_AMZPPB_1011_0,EKM_AMZPPB_1011_1,EKM_AMZPPB_1011_2,EKM_AMZPPB_1011_3,EKM_AMZPPB_1011_4,EKM_AMZPPB_1011_5,https://www.amazon.in/Redmi-Note-7S-32GB-Ruby/dp/B07S8P5R17/ref=sr_1_1091?dchild=1&keywords=mobiles&qid=1631127882&refinements=p_89%3AASUS%7CBlackBerry%7CCoolpad%7CGIONEE%7CGeneric%7CGoogle%7CHEEMAX%7CIKALL%7CIntex%7CLava%7CMI%7CMicromax%7CMoto%7CMotorola%7CNillkin%7CNokia%7COnePlus%7COppo%7CPHILIPS%7CRedmi%7CSHIVANSH%7CSamsung%7CSnexian%7CTecno%7CVivo%7CXiaomi%7CXifo%7CZiox%7CZopo%7CiQOO%7Citel%7Crealme&rnid=3837712031&s=electronics&sr=1-1091,SMP-93,Amazon.in,"?13,499",Qualcomm Snapdragon 660 MSM8956,6.3 inches (16 cms),"Single (13 MP, f/2.0 Camera(3.1"" sensor size, 1.12 m pixel size))","Dual (48 MP, f/1.8 Camera + 5 MP, f/2.2, depth Camera(1.12µm pixel size))",6.27 x 2.96 x 0.32 inch (159.2 x 75.2 x 8.1 mm),186 grams,Qualcomm Snapdragon 660 MSM8956,8 (Octa Core),"2.2GHz, Quad core, Kryo 260 + 1.84GHz, Quad core, Kryo 260",64-bit,Adreno 512,Android v9.0 (Pie),MIUI,"Yes, microSD, Up to 256 GB (Hybrid Slot)","IPS LCD, 2.5D Curved Glass",1080 x 2340 pixels,19.5:9,"Yes, Capacitive, Multi-touch",16M Colors,409 pixels per inch (ppi),81.21%,Corning Gorilla Glass v5,,"Yes, with Waterdrop notch",Rear (LED Flash),ISOCELL Plus,"Auto Flash, Auto Focus, Face detection, Touch to focus","Continuos Shooting, High Dynamic Range mode (HDR)","Yes, Electric Image Stabilization (EIS)","Rear: 1920x1080 @ 30 fps, 1280x720 @ 30 fps, Front: 1920x1080 @ 30 fps",20% to 100% in 01h 54m 30s (in-house tested),4000 mAh,No,"Yes, Quick, v4.0",No,Yes with a/ac/b/g/n/n 5GHz,Bluetooth v5.0,"Yes with A-GPS, Glonass",Yes,"Wi-Fi Direct, Mobile Hotspot",Dual SIM (SIM1: Nano) (SIM2: Hybrid),"4G: Available (supports Indian bands), 3G: Available, 2G: Available",Yes,Yes,Yes,"Yes, 3.5mm","Yes, Rear","Light sensor, Proximity sensor, Accelerometer, Compass, Gyroscope",Yes,"Yes, Splash proof","Onyx Black, Sapphire Blue, Ruby Red",23-May-19,Li-Polymer,"USB Type-C, Mass storage device, USB charging, USB On-The-Go"
SMP-145,EKM_AMZPPB_1068,OPPO Reno 6 Pro 5G,Oppo,"Oppo Reno 6 Pro 5G (Aurora, 12GB RAM, 256GB Storage), Medium (CPH2249)",Aurora, 12GB RAM, 256GB Storage,"Rs. 38,719",4.8 out of 5 stars,EKM_AMZPPB_1068_0,EKM_AMZPPB_1068_1,EKM_AMZPPB_1068_2,EKM_AMZPPB_1068_3,EKM_AMZPPB_1068_4,EKM_AMZPPB_1068_5,https://www.amazon.in/Oppo-Aurora-Storage-Medium-CPH2249/dp/B09B4VYY2V/ref=sr_1_1166?dchild=1&keywords=mobiles&qid=1631127890&refinements=p_89%3AASUS%7CBlackBerry%7CCoolpad%7CGIONEE%7CGeneric%7CGoogle%7CHEEMAX%7CIKALL%7CIntex%7CLava%7CMI%7CMicromax%7CMoto%7CMotorola%7CNillkin%7CNokia%7COnePlus%7COppo%7CPHILIPS%7CRedmi%7CSHIVANSH%7CSamsung%7CSnexian%7CTecno%7CVivo%7CXiaomi%7CXifo%7CZiox%7CZopo%7CiQOO%7Citel%7Crealme&rnid=3837712031&s=electronics&sr=1-1166,SMP-145,Amazon.in,"?37,940",MediaTek Dimensity 1200 MT6893,6.55 inches (16.64 cms),"Single (32 MP, f/2.4, Wide Angle Camera(26 mm focal length, 2.74"" sensor size, 0.8 m pixel size))","Quad (64 MP, f/1.7, Wide Angle(81° field-of-view) Camera + 8 MP, f/2.2, Wide Angle, Ultra-Wide Angle Camera(4.0"" sensor size, 1.12µm pixel size) + 2 MP, f/2.4 Camera(5.0"" sensor size, 1.75µm pixel size) + 2 MP, f/2.4 Camera(5.0"" sensor size, 1.75µm pixel size))",6.3 x 2.88 x 0.3 inch (160 x 73.1 x 7.6 mm),177 grams,MediaTek Dimensity 1200 MT6893,8 (Octa Core),"3GHz, Single core, Cortex A78 + 2.6GHz, Tri core, Cortex A78 + 2GHz, Quad core, Cortex A55",64-bit,Mali-G77 MC9,Android v11,ColorOS,No,"AMOLED, Curved Display, HDR 10+, Oleophobic coating",1080 x 2400 pixels,20:09,"Yes, Capacitive, Multi-touch",16M Colors,402 pixels per inch (ppi),88.56%,"Corning Gorilla Glass v5, Oleophobic coating",800 nits,"Yes, with Punch-hole",Rear (LED Flash),"Light sensor, Proximity sensor, Accelerometer, Compass, Gyroscope","Auto Flash, Auto Focus, Face detection, Touch to focus","Continuos Shooting, High Dynamic Range mode (HDR)","Yes, Electric Image Stabilization (EIS)","Rear: 3840x2160 @ 30 fps, 1920x1080 @ 60 fps, Front: 1920x1080 @ 30 fps, 1280x720 @ 30 fps",100 % in 31 minutes (claimed by Brand),4500 mAh,No,"Yes, Super VOOC, v2.0, 65W",No,"Yes with a/ac/ax/b/g/n/n 5GHz, MIMO",Bluetooth v5.2,"Yes with A-GPS, Glonass",Yes,Mobile Hotspot,Dual SIM (SIM1: Nano) (SIM2: Nano),"5G: Supported by device (network not rolled-out in India), 4G: Available (supports Indian bands), 3G: Available, 2G: Available",Yes,Yes,Dolby Atmos,"Yes, USB Type-C","Yes, On-screen","Light sensor, Proximity sensor, Accelerometer, Compass, Gyroscope",Yes,,"Aurora, Stellar Black",14-Jul-21,Li-Polymer,"USB Type-C, Mass storage device, USB charging, USB On-The-Go"
SMP-148,EKM_AMZPPB_241,OPPO A54,Oppo,"Oppo A54 (Starry Blue, 4GB RAM, 64GB Storage) with No Cost EMI/Additional Exchange Offers, 4gb, 64gb",Starry Blue, 4GB RAM, 64GB Storage,"Rs. 13,990",4.2 out of 5 stars,EKM_AMZPPB_241_0,EKM_AMZPPB_241_1,EKM_AMZPPB_241_2,EKM_AMZPPB_241_3,EKM_AMZPPB_241_4,EKM_AMZPPB_241_5,https://www.amazon.in/Oppo-Starry-Storage-Additional-Exchange/dp/B08ZJVY652/ref=sr_1_199?dchild=1&keywords=mobiles&qid=1631127784&refinements=p_89%3AASUS%7CBlackBerry%7CCoolpad%7CGIONEE%7CGeneric%7CGoogle%7CHEEMAX%7CIKALL%7CIntex%7CLava%7CMI%7CMicromax%7CMoto%7CMotorola%7CNillkin%7CNokia%7COnePlus%7COppo%7CPHILIPS%7CRedmi%7CSHIVANSH%7CSamsung%7CSnexian%7CTecno%7CVivo%7CXiaomi%7CXifo%7CZiox%7CZopo%7CiQOO%7Citel%7Crealme&rnid=3837712031&s=electronics&sr=1-199,SMP-148,Amazon.in,"?13,490",MediaTek Helio P35,6.51 inches (16.54 cms),"Single (16 MP, f/2.0, Wide Angle Camera(3.1"" sensor size, 1 m pixel size))","Triple (13 MP, f/2.2, Wide Angle(81° field-of-view) Camera + 2 MP, f/2.4 Camera + 2 MP, f/2.4, depth Camera)",6.44 x 2.98 x 0.33 inch (163.6 x 75.7 x 8.4 mm),192 grams,MediaTek Helio P35,Octa core,"Octa core, 2.3GHz, Cortex A53",64-bit,PowerVR GE8320,Android v10 (Q),ColorOS,"Yes, microSD, Up to 256 GB (Dedicated)",IPS LCD,720 x 1600 pixels,20:09,"Yes, Capacitive, Multi-touch",16M Colors,270 pixels per inch (ppi),82.62%,,480 nits,"Yes, with Punch-hole",Rear (LED Flash),"Light sensor, Proximity sensor, Accelerometer","Auto Flash, Auto Focus, Face detection, Touch to focus","Continuos Shooting, High Dynamic Range mode (HDR)",,"Rear: 1920x1080 @ 30 fps, 1280x720 @ 30 fps, Front: 1920x1080 @ 30 fps, 1280x720 @ 30 fps",,5000 mAh,,"Yes, 18W",No,Yes with b/g/n,Bluetooth v5.0,"Yes with A-GPS, Glonass",Yes,Mobile Hotspot,Dual SIM (SIM1: Nano) (SIM2: Nano),"4G: Available (supports Indian bands), 3G: Available, 2G: Available",Yes,Yes,Yes,"Yes, 3.5mm","Yes, Side","Light sensor, Proximity sensor, Accelerometer",Yes,"Yes, Splash proof, IPX4","Crystal Black, Starry Blue, Moonlight Gold",20-Apr-21,Li-Polymer,"USB Type-C, Mass storage device, USB charging, USB On-The-Go"
SMP-149,EKM_AMZPPB_55,OPPO A74 5G,Oppo,"OPPO A74 5G (Fantastic Purple,6GB RAM,128GB Storage) - 5G Android Smartphone | 5000 mAh Battery | 18W Fast Charge | 90Hz LCD Display",Fantastic Purple,6GB RAM,128GB Storage,"Rs. 17,990",4.2 out of 5 stars,EKM_AMZPPB_55_0,EKM_AMZPPB_55_1,EKM_AMZPPB_55_2,EKM_AMZPPB_55_3,EKM_AMZPPB_55_4,EKM_AMZPPB_55_5,https://www.amazon.in/OPPO-Fantastic-Purple-128GB-Storage/dp/B08VB34KJ1/ref=sr_1_50?dchild=1&keywords=mobiles&qid=1631127764&refinements=p_89%3AASUS%7CBlackBerry%7CCoolpad%7CGIONEE%7CGeneric%7CGoogle%7CHEEMAX%7CIKALL%7CIntex%7CLava%7CMI%7CMicromax%7CMoto%7CMotorola%7CNillkin%7CNokia%7COnePlus%7COppo%7CPHILIPS%7CRedmi%7CSHIVANSH%7CSamsung%7CSnexian%7CTecno%7CVivo%7CXiaomi%7CXifo%7CZiox%7CZopo%7CiQOO%7Citel%7Crealme&rnid=3837712031&s=electronics&sr=1-50,SMP-149,Amazon.in,"?17,990",Qualcomm Snapdragon 480,6.5 inches (16.51 cms),"Single (8 MP, f/2.0, Wide Angle Camera)","Triple (48 MP, f/1.7, Wide Angle(79° field-of-view) Camera + 2 MP, f/2.4 Camera + 2 MP, f/2.4 Camera)",6.41 x 2.94 x 0.33 inch (162.9 x 74.7 x 8.4 mm),188 grams,Qualcomm Snapdragon 480,8 (Octa Core),"2GHz, Dual core, Kryo 460 + 1.8GHz, Hexa Core, Kryo 460",64-bit,Adreno 619,Android v11,ColorOS,"Yes, microSD, Up to 256 GB (Dedicated)",IPS LCD,1080 x 2400 pixels,20:09,"Yes, Capacitive, Multi-touch",16M Colors,405 pixels per inch (ppi),83.83%,,550 nits,"Yes, with Punch-hole",Rear (LED Flash),"Light sensor, Proximity sensor, Accelerometer, Gyroscope","Auto Flash, Auto Focus, Face detection, Touch to focus","Continuos Shooting, High Dynamic Range mode (HDR)","Yes, Electric Image Stabilization (EIS)","Rear: 1920x1080 @ 30 fps, 1280x720 @ 30 fps, Front: 1920x1080 @ 30 fps",,5000 mAh,,"Yes, 18W",No,Yes with a/ac/b/g/n/n 5GHz,Bluetooth v5.1,"Yes with A-GPS, Glonass",Yes,Mobile Hotspot,Dual SIM (SIM1: Nano) (SIM2: Nano),"5G: Supported by device (network not rolled-out in India), 4G: Available (supports Indian bands), 3G: Available, 2G: Available",Yes,Yes,Yes,"Yes, 3.5mm","Yes, Side","Light sensor, Proximity sensor, Accelerometer, Gyroscope",Yes,,"Fluid Black, Fantastic Purple",26-Apr-21,Li-Polymer,"USB Type-C, Mass storage device, USB charging, USB On-The-Go"
SMP-152,EKM_AMZPPB_217,OPPO F17 Pro,Oppo,"OPPO F17 Pro (Metallic White, 8GB RAM, 128GB Storage) with No Cost EMI/Additional Exchange Offers",Metallic White, 8GB RAM, 128GB Storage,"Rs. 19,990",4.2 out of 5 stars,EKM_AMZPPB_217_0,EKM_AMZPPB_217_1,EKM_AMZPPB_217_2,EKM_AMZPPB_217_3,EKM_AMZPPB_217_4,EKM_AMZPPB_217_5,https://www.amazon.in/Metallic-Storage-Additional-Exchange-Offers/dp/B089MTC7B5/ref=sr_1_180?dchild=1&keywords=mobiles&qid=1631127781&refinements=p_89%3AASUS%7CBlackBerry%7CCoolpad%7CGIONEE%7CGeneric%7CGoogle%7CHEEMAX%7CIKALL%7CIntex%7CLava%7CMI%7CMicromax%7CMoto%7CMotorola%7CNillkin%7CNokia%7COnePlus%7COppo%7CPHILIPS%7CRedmi%7CSHIVANSH%7CSamsung%7CSnexian%7CTecno%7CVivo%7CXiaomi%7CXifo%7CZiox%7CZopo%7CiQOO%7Citel%7Crealme&rnid=3837712031&s=electronics&sr=1-180,SMP-152,Amazon.in,"?19,990",MediaTek Helio P95,6.43 inches (16.33 cms),"Dual (16 MP, f/2.4, Wide Angle Camera(3"" sensor size, 1 m pixel size) + 2 MP, f/2.4, depth Camera(1.75 m pixel size))","Quad (48 MP, f/1.7 Camera + 8 MP, f/2.2, Wide Angle, Ultra-Wide Angle Camera(4.0"" sensor size, 1.12µm pixel size) + 2 MP, f/2.4 Camera(5.0"" sensor size, 1.75µm pixel size) + 2 MP, f/2.4 Camera(5.0"" sensor size, 1.75µm pixel size))",6.3 x 2.9 x 0.29 inch (160.14 x 73.77 x 7.48 mm),164 grams,MediaTek Helio P95,8 (Octa Core),"2.2GHz, Dual core, Cortex A75 + 2GHz, Hexa Core, Cortex A55",64-bit,PowerVR GM9446,Android v10 (Q),ColorOS,"Yes, microSD, Up to 256 GB (Dedicated)",Super AMOLED,1080 x 2400 pixels,20:09,"Yes, Capacitive, Multi-touch",16M Colors,409 pixels per inch (ppi),84.50%,Corning Gorilla Glass v3,800 nits,"Yes, with Punch-hole",Rear (LED Flash),ISOCELL Plus,"Auto Flash, Auto Focus, Face detection, Touch to focus","Continuos Shooting, High Dynamic Range mode (HDR)","Yes, Electric Image Stabilization (EIS)","Rear: 3840x2160 @ 30 fps, 1920x1080 @ 30 fps, 1280x720 @ 240 fps, Front: 1920x1080 @ 30 fps, 1280x720 @ 30 fps",20% to 100% in 00h 52m 29s (in-house tested),4015 mAh,,"Yes, VOOC, v4.0, 30W",No,Yes with a/ac/b/g/n/n 5GHz,Bluetooth v5.1,"Yes with A-GPS, Glonass",Yes,Mobile Hotspot,Dual SIM (SIM1: Nano) (SIM2: Nano),"4G: Available (supports Indian bands), 3G: Available, 2G: Available",Yes,Yes,Yes,"Yes, 3.5mm","Yes, On-screen","Light sensor, Proximity sensor, Accelerometer, Compass, Gyroscope",Yes,,"Magic Blue, Matte Black, Metallic White",2-Sep-20,Li-ion,"USB Type-C, Mass storage device, USB charging, USB On-The-Go"
SMP-154,EKM_AMZPPB_337,OPPO A15,Oppo,"OPPO A15 (Rainbow Silver, 2GB RAM, 32GB Storage) With No Cost EMI/Additional Exchange Offers",Rainbow Silver, 2GB RAM, 32GB Storage,"Rs. 9,490",4.2 out of 5 stars,EKM_AMZPPB_337_0,EKM_AMZPPB_337_1,EKM_AMZPPB_337_2,EKM_AMZPPB_337_3,EKM_AMZPPB_337_4,EKM_AMZPPB_337_5,https://www.amazon.in/Rainbow-Silver-Storage-Additional-Exchange/dp/B07X8V6G3P/ref=sr_1_297?dchild=1&keywords=mobiles&qid=1631127794&refinements=p_89%3AASUS%7CBlackBerry%7CCoolpad%7CGIONEE%7CGeneric%7CGoogle%7CHEEMAX%7CIKALL%7CIntex%7CLava%7CMI%7CMicromax%7CMoto%7CMotorola%7CNillkin%7CNokia%7COnePlus%7COppo%7CPHILIPS%7CRedmi%7CSHIVANSH%7CSamsung%7CSnexian%7CTecno%7CVivo%7CXiaomi%7CXifo%7CZiox%7CZopo%7CiQOO%7Citel%7Crealme&rnid=3837712031&s=electronics&sr=1-297,SMP-154,Amazon.in,"?10,990",MediaTek Helio P35,6.52 inches (16.56 cms),"Single (5 MP, f/2.4 Camera)","Triple (13 MP, f/2.2, Wide Angle Camera + 2 MP, f/2.4, depth Camera + 2 MP, f/2.4 Camera)",6.46 x 2.97 x 0.31 inch (164 x 75.4 x 7.9 mm),175 grams,MediaTek Helio P35,Octa core,"Octa core, 2.3GHz, Cortex A53",64-bit,PowerVR GE8320,Android v10 (Q),ColorOS,"Yes, microSD, Up to 256 GB (Dedicated)",IPS LCD,720 x 1600 pixels,20:09,"Yes, Capacitive, Multi-touch",16M Colors,269 pixels per inch (ppi),83%,,480 nits,"Yes, with Waterdrop notch",Rear (LED Flash),"Light sensor, Proximity sensor, Accelerometer","Auto Flash, Auto Focus, Face detection, Touch to focus","Continuos Shooting, High Dynamic Range mode (HDR)",,Rear: 1920x1080 @ 30 fps,20% to 100% in 02h 23m 44s (in-house tested),4230 mAh,No,No,No,Yes with b/g/n/n 5GHz,Bluetooth v5.0,"Yes with A-GPS, Glonass",Yes,Mobile Hotspot,Dual SIM (SIM1: Nano) (SIM2: Nano),"4G: Available (supports Indian bands), 3G: Available, 2G: Available",Yes,Yes,Yes,"Yes, 3.5mm","Yes, Rear","Light sensor, Proximity sensor, Accelerometer",Yes,,"Dynamic Black, Mystery Blue, Rainbow Silver",21-Oct-20,Li-Polymer,"microUSB 2.0, Mass storage device, USB charging, USB On-The-Go"
SMP-155,EKM_AMZPPB_418,OPPO F19 Pro,Oppo,"OPPO F19 Pro (Crystal Silver, 8GB RAM, 256GB Storage) with No Cost EMI/Additional Exchange Offers",Crystal Silver, 8GB RAM, 256GB Storage,"Rs. 23,490",4.2 out of 5 stars,EKM_AMZPPB_418_0,EKM_AMZPPB_418_1,EKM_AMZPPB_418_2,EKM_AMZPPB_418_3,EKM_AMZPPB_418_4,EKM_AMZPPB_418_5,https://www.amazon.in/Crystal-Silver-Storage-Additional-Exchange/dp/B08LRFKLF2/ref=sr_1_383?dchild=1&keywords=mobiles&qid=1631127802&refinements=p_89%3AASUS%7CBlackBerry%7CCoolpad%7CGIONEE%7CGeneric%7CGoogle%7CHEEMAX%7CIKALL%7CIntex%7CLava%7CMI%7CMicromax%7CMoto%7CMotorola%7CNillkin%7CNokia%7COnePlus%7COppo%7CPHILIPS%7CRedmi%7CSHIVANSH%7CSamsung%7CSnexian%7CTecno%7CVivo%7CXiaomi%7CXifo%7CZiox%7CZopo%7CiQOO%7Citel%7Crealme&rnid=3837712031&s=electronics&sr=1-383,SMP-155,Amazon.in,"?21,900",MediaTek Helio P95,6.43 inches (16.33 cms),"Single (16 MP, f/2.4, Wide Angle Camera)","Quad (48 MP, f/1.7, Wide Angle(79° field-of-view) Camera + 8 MP, f/2.2, Wide Angle, Ultra-Wide Angle Camera(4.0"" sensor size, 1.12µm pixel size) + 2 MP, f/2.4 Camera(5.0"" sensor size, 1.7µm pixel size) + 2 MP, f/2.4 Camera(5.0"" sensor size, 1.75µm pixel size))",6.3 x 2.88 x 0.31 inch (160.1 x 73.2 x 7.8 mm),172 grams,MediaTek Helio P95,8 (Octa Core),"2.2GHz, Dual core, Cortex A75 + 2GHz, Hexa Core, Cortex A55",64-bit,PowerVR GM9446,Android v11,ColorOS,"Yes, microSD, Up to 256 GB (Dedicated)",Super AMOLED,1080 x 2400 pixels,20:09,"Yes, Capacitive, Multi-touch",16M Colors,409 pixels per inch (ppi),85.18%,Corning Gorilla Glass v5,800 nits,"Yes, with Punch-hole",Rear (LED Flash),ISOCELL Plus,"Auto Flash, Auto Focus, Face detection, Touch to focus","Continuos Shooting, High Dynamic Range mode (HDR)","Yes, Electric Image Stabilization (EIS)","Rear: 3840x2160 @ 30 fps, 1920x1080 @ 30 fps, Front: 1920x1080 @ 30 fps, 1280x720 @ 30 fps",65 % in 25 minutes (claimed by Brand),4310 mAh,,"Yes, Flash, v4.0, 30W",No,Yes with a/ac/b/g/n,Bluetooth v5.1,"Yes with A-GPS, Glonass",Yes,Mobile Hotspot,Dual SIM (SIM1: Nano) (SIM2: Nano),"4G: Available (supports Indian bands), 3G: Available, 2G: Available",Yes,Yes,Yes,"Yes, 3.5mm","Yes, On-screen","Light sensor, Proximity sensor, Accelerometer, Gyroscope",Yes,,"Fluid Black, Space Silver",17-Mar-21,Li-Polymer,"USB Type-C, Mass storage device, USB charging, USB On-The-Go"
SMP-157,EKM_AMZPPB_332,OPPO F19,Oppo,"Oppo F19 (Space Silver, 6GB RAM, 128GB Storage) - 6.43"" Inch (16.33 cm) AMOLED Punch-Hole Display | in-Display Fingerprint 3.0 | 5000 mAh Battery | 33W Flash Charging",Space Silver, 6GB RAM, 128GB Storage,"Rs. 18,990",4.1 out of 5 stars,EKM_AMZPPB_332_0,EKM_AMZPPB_332_1,EKM_AMZPPB_332_2,EKM_AMZPPB_332_3,EKM_AMZPPB_332_4,EKM_AMZPPB_332_5,https://www.amazon.in/Oppo-Space-Silver-Storage-Display/dp/B08VB5753J/ref=sr_1_292?dchild=1&keywords=mobiles&qid=1631127794&refinements=p_89%3AASUS%7CBlackBerry%7CCoolpad%7CGIONEE%7CGeneric%7CGoogle%7CHEEMAX%7CIKALL%7CIntex%7CLava%7CMI%7CMicromax%7CMoto%7CMotorola%7CNillkin%7CNokia%7COnePlus%7COppo%7CPHILIPS%7CRedmi%7CSHIVANSH%7CSamsung%7CSnexian%7CTecno%7CVivo%7CXiaomi%7CXifo%7CZiox%7CZopo%7CiQOO%7Citel%7Crealme&rnid=3837712031&s=electronics&sr=1-292,SMP-157,Amazon.in,"?18,990",Qualcomm Snapdragon 662,6.43 inches (16.33 cms),"Single (16 MP, f/2.4, Wide Angle Camera(27 mm focal length, 3"" sensor size, 1 m pixel size))","Triple (48 MP, f/1.7, Wide Angle(79° field-of-view) Camera + 2 MP, f/2.4, depth Camera(5.0"" sensor size, 1.75µm pixel size) + 2 MP, f/2.4 Camera(5.0"" sensor size, 1.75µm pixel size))",6.31 x 2.91 x 0.31 inch (160.3 x 73.8 x 7.9 mm),175 grams,Qualcomm Snapdragon 662,8 (Octa Core),"2GHz, Quad core, Kryo 260 + 1.8GHz, Quad core, Kryo 260",64-bit,Adreno 610,Android v11,ColorOS,"Yes, microSD, Up to 256 GB (Dedicated)",AMOLED,1080 x 2400 pixels,20:09,"Yes, Capacitive, Multi-touch",16M Colors,409 pixels per inch (ppi),84.38%,,800 nits,"Yes, with Punch-hole",Rear (LED Flash),CMOS image sensor,"Auto Flash, Auto Focus, Face detection, Touch to focus","Continuos Shooting, High Dynamic Range mode (HDR)","Yes, Electric Image Stabilization (EIS)","Rear: 1920x1080 @ 30 fps, 1280x720 @ 30 fps, Front: 1920x1080 @ 30 fps",54 % in 30 minutes (claimed by Brand),5000 mAh,,"Yes, Flash, 33W",No,Yes with a/ac/b/g/n,Bluetooth v5.0,"Yes with A-GPS, Glonass",Yes,Mobile Hotspot,Dual SIM (SIM1: Nano) (SIM2: Nano),"4G: Available (supports Indian bands), 3G: Available, 2G: Available",Yes,Yes,Yes,"Yes, 3.5mm","Yes, On-screen","Light sensor, Proximity sensor, Accelerometer, Compass, Gyroscope",Yes,,"Prism Black, Midnight Blue",6-Apr-21,Li-Polymer,"USB Type-C, Mass storage device, USB charging, USB On-The-Go"
SMP-159,EKM_AMZPPB_1689,OPPO F15,Oppo,"OPPO F15 (Unicorn White, 4GB RAM, 128GB Storage, with offer)",Unicorn White, 4GB RAM, 128GB Storage,"Rs. 20,500",4.3 out of 5 stars,EKM_AMZPPB_1689_0,EKM_AMZPPB_1689_1,EKM_AMZPPB_1689_2,EKM_AMZPPB_1689_3,EKM_AMZPPB_1689_4,EKM_AMZPPB_1689_5,https://www.amazon.in/Unicorn-Storage-Additional-Exchange-Offers/dp/B07XF55838/ref=sr_1_2070?dchild=1&keywords=mobiles&qid=1631127989&refinements=p_89%3AASUS%7CBlackBerry%7CCoolpad%7CGIONEE%7CGeneric%7CGoogle%7CHEEMAX%7CIKALL%7CIntex%7CLava%7CMI%7CMicromax%7CMoto%7CMotorola%7CNillkin%7CNokia%7COnePlus%7COppo%7CPHILIPS%7CRedmi%7CSHIVANSH%7CSamsung%7CSnexian%7CTecno%7CVivo%7CXiaomi%7CXifo%7CZiox%7CZopo%7CiQOO%7Citel%7Crealme&rnid=3837712031&s=electronics&sr=1-2070,SMP-159,Amazon.in,"?19,990",MediaTek Helio P70,6.4 inches (16.26 cms),"Single (16 MP, f/2.0, Wide Angle Camera(3.54 mm focal length, 3.1"" sensor size, 1 m pixel size))","Quad (48 MP, f/1.79 Camera + 8 MP, f/2.25, Wide Angle, Ultra-Wide Angle Camera(1.66 mm focal length, 4.0"" sensor size, 1.12µm pixel size) + 2 MP, f/2.4 Camera(1.77 mm focal length, 5.0"" sensor size, 1.75µm pixel size) + 2 MP, f/2.4, depth Camera(1.77 mm focal length, 5.0"" sensor size, 1.75µm pixel size))",6.31 x 2.89 x 0.31 inch (160.2 x 73.3 x 7.9 mm),172 grams,MediaTek Helio P70,8 (Octa Core),"2.1GHz, Quad core, Cortex A73 + 2GHz, Quad core, Cortex A53",64-bit,Mali-G72 MP3,Android v9.0 (Pie),ColorOS,"Yes, microSD, Up to 256 GB (Dedicated)",AMOLED,1080 x 2400 pixels,20:09,"Yes, Capacitive, Multi-touch",16M Colors,411 pixels per inch (ppi),84.21%,Corning Gorilla Glass v5,430 nits,"Yes, with Waterdrop notch",Rear (LED Flash),"Light sensor, Proximity sensor, Accelerometer, Gyroscope","Auto Flash, Auto Focus, Face detection, Touch to focus","Continuos Shooting, High Dynamic Range mode (HDR)","Yes, Electric Image Stabilization (EIS)","Rear: 1920x1080 @ 30 fps, 1280x720 @ 30 fps, Front: 1920x1080 @ 30 fps, 1280x720 @ 30 fps",50 % in 30 minutes (claimed by Brand),4000 mAh,,"Yes, VOOC, v3.0, 20W",No,Yes with ac/b/g/n/n 5GHz,Bluetooth v4.2,"Yes with A-GPS, Glonass",Yes,Mobile Hotspot,Dual SIM (SIM1: Nano) (SIM2: Nano),"4G: Available (supports Indian bands), 3G: Available, 2G: Available",Yes,Yes,Yes,"Yes, 3.5mm","Yes, On-screen","Light sensor, Proximity sensor, Accelerometer, Gyroscope",Yes,,"Lightening Black, Unicorn White, Blazing Blue",16-Jan-20,Li-Polymer,"USB Type-C, Mass storage device, USB charging, USB On-The-Go"
SMP-160,EKM_AMZPPB_205,OPPO A15s,Oppo,"OPPO A15s (Fancy White, 4GB RAM, 64GB Storage) with No Cost EMI/Additional Exchange Offers",Fancy White, 4GB RAM, 64GB Storage,"Rs. 12,990",4.2 out of 5 stars,EKM_AMZPPB_205_0,EKM_AMZPPB_205_1,EKM_AMZPPB_205_2,EKM_AMZPPB_205_3,EKM_AMZPPB_205_4,EKM_AMZPPB_205_5,https://www.amazon.in/gp/slredirect/picassoRedirect.html/ref=pa_sp_btf_electronics_sr_pg7_1?ie=UTF8&adId=A0686904FE92QMOI0HJS&url=%2FTest-TST_Exclusive1004-Exclusive-1004%2Fdp%2FB08444Z7QM%2Fref%3Dsr_1_173_sspa%3Fdchild%3D1%26keywords%3Dmobiles%26qid%3D1631127778%26refinements%3Dp_89%253AASUS%257CBlackBerry%257CCoolpad%257CGIONEE%257CGeneric%257CGoogle%257CHEEMAX%257CIKALL%257CIntex%257CLava%257CMI%257CMicromax%257CMoto%257CMotorola%257CNillkin%257CNokia%257COnePlus%257COppo%257CPHILIPS%257CRedmi%257CSHIVANSH%257CSamsung%257CSnexian%257CTecno%257CVivo%257CXiaomi%257CXifo%257CZiox%257CZopo%257CiQOO%257Citel%257Crealme%26rnid%3D3837712031%26s%3Delectronics%26sr%3D1-173-spons%26psc%3D1&qualifier=1631127778&id=5439544413532907&widgetName=sp_btf,SMP-160,Amazon.in,"?12,985",MediaTek Helio P35,6.52 inches (16.56 cms),"Single (8 MP, f/2.0 Camera)","Triple (13 MP, f/2.2 Camera + 2 MP, f/2.4, depth Camera + 2 MP, f/2.4 Camera)",6.46 x 2.97 x 0.31 inch (164 x 75.4 x 7.9 mm),177 grams,MediaTek Helio P35,Octa core,"Octa core, 2.3GHz, Cortex A53",64-bit,PowerVR GE8320,Android v10 (Q),ColorOS,"Yes, microSD, Up to 256 GB (Dedicated)",IPS LCD,720 x 1600 pixels,20:09,"Yes, Capacitive, Multi-touch",16M Colors,269 pixels per inch (ppi),83%,,480 nits,"Yes, with Waterdrop notch",Rear (LED Flash),"Light sensor, Proximity sensor, Accelerometer","Auto Flash, Auto Focus, Face detection, Touch to focus","Continuos Shooting, High Dynamic Range mode (HDR)",,"Rear: 1920x1080 @ 30 fps, Front: 1920x1080 @ 30 fps",,4230 mAh,No,,No,Yes with b/g/n/n 5GHz,Bluetooth v5.0,"Yes with A-GPS, Glonass",Yes,Mobile Hotspot,Dual SIM (SIM1: Nano) (SIM2: Nano),"4G: Available (supports Indian bands), 3G: Available, 2G: Available",Yes,Yes,Yes,"Yes, 3.5mm","Yes, Rear","Light sensor, Proximity sensor, Accelerometer",Yes,,"Dynamic black, Fancy white, Rainbow silver",21-Dec-20,Li-Polymer,"microUSB 2.0, Mass storage device, USB charging, USB On-The-Go"
SMP-163,EKM_AMZPPB_140,OPPO F17,Oppo,"Oppo F17 (Dynamic Orange, 6GB RAM, 128GB Storage) with No Cost EMI/Additional Exchange Offers",Dynamic Orange, 6GB RAM, 128GB Storage,"Rs. 16,990",4.2 out of 5 stars,EKM_AMZPPB_140_0,EKM_AMZPPB_140_1,EKM_AMZPPB_140_2,EKM_AMZPPB_140_3,EKM_AMZPPB_140_4,EKM_AMZPPB_140_5,https://www.amazon.in/Dynamic-Orange-Storage-Additional-Exchange/dp/B086KFV4L4/ref=sr_1_118?dchild=1&keywords=mobiles&qid=1631127773&refinements=p_89%3AASUS%7CBlackBerry%7CCoolpad%7CGIONEE%7CGeneric%7CGoogle%7CHEEMAX%7CIKALL%7CIntex%7CLava%7CMI%7CMicromax%7CMoto%7CMotorola%7CNillkin%7CNokia%7COnePlus%7COppo%7CPHILIPS%7CRedmi%7CSHIVANSH%7CSamsung%7CSnexian%7CTecno%7CVivo%7CXiaomi%7CXifo%7CZiox%7CZopo%7CiQOO%7Citel%7Crealme&rnid=3837712031&s=electronics&sr=1-118,SMP-163,Amazon.in,"?16,990",Qualcomm Snapdragon 662,6.44 inches (16.36 cms),"Single (16 MP, f/2.0, Wide Angle Camera(25.6 mm focal length, 3.1"" sensor size, 1 m pixel size))","Quad (16 MP, f/2.2, Wide Angle Camera + 8 MP, f/2.2, Wide Angle, Ultra-Wide Angle Camera(4.0"" sensor size, 1.12µm pixel size) + 2 MP, f/2.4 Camera(5.0"" sensor size, 1.75µm pixel size) + 2 MP, f/2.4 Camera(5.0"" sensor size, 1.75µm pixel size))",6.29 x 2.87 x 0.29 inch (159.8 x 72.9 x 7.45 mm),163 grams,Qualcomm Snapdragon 662,8 (Octa Core),"2GHz, Quad core, Kryo 260 + 1.8GHz, Quad core, Kryo 260",64-bit,Adreno 610,Android v10 (Q),ColorOS,"Yes, microSD, Up to 256 GB (Dedicated)",Super AMOLED,1080 x 2400 pixels,20:09,"Yes, Capacitive, Multi-touch",16M Colors,409 pixels per inch (ppi),85.95%,Corning Gorilla Glass v3,800 nits,"Yes, with Waterdrop notch",Rear (LED Flash),"Light sensor, Proximity sensor, Accelerometer, Gyroscope","Auto Flash, Auto Focus, Face detection, Touch to focus","Continuos Shooting, High Dynamic Range mode (HDR)","Yes, Electric Image Stabilization (EIS)","Rear: 1920x1080 @ 30 fps, 1280x720 @ 30 fps, Front: 1920x1080 @ 30 fps",100 % in 53 minutes (claimed by Brand),4015 mAh,,"Yes, VOOC, v4.0, 30W",No,Yes with a/ac/b/g/n,Bluetooth v5.0,"Yes with A-GPS, Glonass",Yes,Mobile Hotspot,Dual SIM (SIM1: Nano) (SIM2: Nano),"4G: Available (supports Indian bands), 3G: Available, 2G: Available",Yes,Yes,Yes,"Yes, 3.5mm","Yes, On-screen","Light sensor, Proximity sensor, Accelerometer, Gyroscope",Yes,,"Navy Blue, Classic Silver, Dynamic Orange",21-Sep-20,Li-Polymer,"USB Type-C, Mass storage device, USB charging, USB On-The-Go"
SMP-170,EKM_AMZPPB_378,OPPO A12,Oppo,"OPPO A12 (Blue, 4GB RAM, 64GB Storage) with No Cost EMI/Additional Exchange Offers",Blue, 4GB RAM, 64GB Storage,"Rs. 11,490",4.2 out of 5 stars,EKM_AMZPPB_378_0,EKM_AMZPPB_378_1,EKM_AMZPPB_378_2,EKM_AMZPPB_378_3,EKM_AMZPPB_378_4,EKM_AMZPPB_378_5,https://www.amazon.in/OPPO-Storage-Additional-Exchange-Offers/dp/B08444X3CN/ref=sr_1_340?dchild=1&keywords=mobiles&qid=1631127800&refinements=p_89%3AASUS%7CBlackBerry%7CCoolpad%7CGIONEE%7CGeneric%7CGoogle%7CHEEMAX%7CIKALL%7CIntex%7CLava%7CMI%7CMicromax%7CMoto%7CMotorola%7CNillkin%7CNokia%7COnePlus%7COppo%7CPHILIPS%7CRedmi%7CSHIVANSH%7CSamsung%7CSnexian%7CTecno%7CVivo%7CXiaomi%7CXifo%7CZiox%7CZopo%7CiQOO%7Citel%7Crealme&rnid=3837712031&s=electronics&sr=1-340,SMP-170,Flipkart,"?8,990",MediaTek Helio P35,6.22 inches (15.8 cms),"Single (5 MP, f/2.4 Camera(5.0"" sensor size, 1.12 m pixel size))","Dual (13 MP, f/2.2 Camera + 2 MP, f/2.4, depth Camera)",6.14 x 2.97 x 0.33 inch (155.9 x 75.5 x 8.3 mm),165 grams,MediaTek Helio P35,Octa core,"Octa core, 2.3GHz, Cortex A53",64-bit,PowerVR GE8320,Android v9.0 (Pie),ColorOS,"Yes, microSD, Up to 256 GB (Dedicated)",IPS LCD,720 x 1520 pixels,19:09,"Yes, Capacitive, Multi-touch",16M Colors,270 pixels per inch (ppi),81.63%,Corning Gorilla Glass v3,450 nits,"Yes, with Waterdrop notch",Rear (LED Flash),CMOS image sensor,"Auto Flash, Auto Focus, Touch to focus","Continuos Shooting, High Dynamic Range mode (HDR)",,Rear: 1920x1080 @ 30 fps,,4230 mAh,,,No,Yes with b/g/n,Bluetooth v5.0,"Yes with A-GPS, Glonass",Yes,Mobile Hotspot,Dual SIM (SIM1: Nano) (SIM2: Nano),"4G: Available (supports Indian bands), 3G: Available, 2G: Available",Yes,Yes,Yes,"Yes, 3.5mm","Yes, Rear","Light sensor, Proximity sensor, Accelerometer, Gyroscope",Yes,,,10-Jul-20,Li-ion,"microUSB 2.0, Mass storage device, USB charging, USB On-The-Go"
SMP-182,EKM_AMZPPB_1252,OPPO A52,Oppo,"OPPO A52 (Stream White, 4GB RAM, 128GB Storage)",Stream White, 4GB RAM, 128GB Storage,"Rs. 17,000",4.2 out of 5 stars,EKM_AMZPPB_1252_0,EKM_AMZPPB_1252_1,EKM_AMZPPB_1252_2,EKM_AMZPPB_1252_3,EKM_AMZPPB_1252_4,EKM_AMZPPB_1252_5,https://www.amazon.in/OPPO-Stream-White-128GB-Storage/dp/B086KDTWDR/ref=sr_1_1428?dchild=1&keywords=mobiles&qid=1631127919&refinements=p_89%3AASUS%7CBlackBerry%7CCoolpad%7CGIONEE%7CGeneric%7CGoogle%7CHEEMAX%7CIKALL%7CIntex%7CLava%7CMI%7CMicromax%7CMoto%7CMotorola%7CNillkin%7CNokia%7COnePlus%7COppo%7CPHILIPS%7CRedmi%7CSHIVANSH%7CSamsung%7CSnexian%7CTecno%7CVivo%7CXiaomi%7CXifo%7CZiox%7CZopo%7CiQOO%7Citel%7Crealme&rnid=3837712031&s=electronics&sr=1-1428,SMP-182,Flipkart,"?16,990",Qualcomm Snapdragon 665,6.5 inches (16.51 cms),"Single (16 MP, f/2.0 Camera(3.1"" sensor size, 1 m pixel size))","Quad (12 MP, f/1.8 Camera + 8 MP, f/2.2, Wide Angle, Ultra-Wide Angle Camera(1.64 mm focal length, 4.0"" sensor size, 1.12µm pixel size) + 2 MP, f/2.4 Camera(1.77 mm focal length, 5.0"" sensor size, 1.75µm pixel size) + 2 MP, f/2.4, depth Camera(1.77 mm focal length, 5.0"" sensor size, 1.75µm pixel size))",6.38 x 2.97 x 0.35 inch (162 x 75.5 x 8.9 mm),192 grams,Qualcomm Snapdragon 665,8 (Octa Core),"2GHz, Quad core, Kryo 260 + 1.8GHz, Quad core, Kryo 260",64-bit,Adreno 610,Android v10 (Q),ColorOS,"Yes, microSD, Up to 256 GB (Hybrid Slot)",IPS LCD,1080 x 2400 pixels,20:09,"Yes, Capacitive, Multi-touch",16M Colors,405 pixels per inch (ppi),83.40%,,480 nits,"Yes, with Punch-hole","Rear (LED Flash), Front (Screen flash)","Light sensor, Proximity sensor, Accelerometer","Auto Flash, Auto Focus, Face detection, Touch to focus","Continuos Shooting, High Dynamic Range mode (HDR)",,Front: 1920x1080 @ 30 fps,20% to 100% in 02h 31m 39s (in-house tested),5000 mAh,No,"Yes, 18W",No,Yes with ac/b/g/n,Bluetooth v5.0,"Yes with A-GPS, Glonass",Yes,Mobile Hotspot,Dual SIM (SIM1: Nano) (SIM2: Hybrid),"4G: Available (supports Indian bands), 3G: Available, 2G: Available",Yes,Yes,Yes,"Yes, 3.5mm","Yes, Side","Light sensor, Proximity sensor, Accelerometer",Yes,,Twilight Black,18-Jun-20,Li-Polymer,"USB Type-C, Mass storage device, USB charging, USB On-The-Go"
SMP-199,EKM_AMZPPB_270,OPPO A11K,Oppo,"OPPO A11K (Flowing Silver, 2GB RAM, 32GB Storage) With No Cost EMI/Additional Exchange Offers",Flowing Silver, 2GB RAM, 32GB Storage,"Rs. 8,990",4.0 out of 5 stars,EKM_AMZPPB_270_0,EKM_AMZPPB_270_1,EKM_AMZPPB_270_2,EKM_AMZPPB_270_3,EKM_AMZPPB_270_4,EKM_AMZPPB_270_5,https://www.amazon.in/Flowing-Silver-Storage-Additional-Exchange/dp/B086K9CW1W/ref=sr_1_227?dchild=1&keywords=mobiles&qid=1631127786&refinements=p_89%3AASUS%7CBlackBerry%7CCoolpad%7CGIONEE%7CGeneric%7CGoogle%7CHEEMAX%7CIKALL%7CIntex%7CLava%7CMI%7CMicromax%7CMoto%7CMotorola%7CNillkin%7CNokia%7COnePlus%7COppo%7CPHILIPS%7CRedmi%7CSHIVANSH%7CSamsung%7CSnexian%7CTecno%7CVivo%7CXiaomi%7CXifo%7CZiox%7CZopo%7CiQOO%7Citel%7Crealme&rnid=3837712031&s=electronics&sr=1-227,SMP-199,Amazon.in,"?8,990",MediaTek Helio P35,6.22 inches (15.8 cms),"Single (5 MP, f/2.4 Camera(2.28 mm focal length, 5.0"" sensor size, 1.12 m pixel size))","Dual (13 MP, f/2.2 Camera + 2 MP, f/2.4, depth Camera(2 mm focal length))",6.14 x 2.97 x 0.33 inch (155.9 x 75.5 x 8.3 mm),165 grams,MediaTek Helio P35,Octa core,"Octa core, 2.3GHz, Cortex A53",64-bit,PowerVR GE8320,Android v9.0 (Pie),ColorOS,"Yes, microSD, Up to 256 GB (Dedicated)",IPS LCD,720 x 1520 pixels,19:09,"Yes, Capacitive, Multi-touch",16M Colors,270 pixels per inch (ppi),81.63%,Corning Gorilla Glass v3,,"Yes, with Waterdrop notch",Rear (LED Flash),CMOS image sensor,"Auto Flash, Auto Focus, Face detection, Touch to focus","Continuos Shooting, High Dynamic Range mode (HDR)",,Rear: 1920x1080 @ 30 fps,,4230 mAh,No,,No,Yes with b/g/n,Bluetooth v5.0,"Yes with A-GPS, Glonass",Yes,Mobile Hotspot,Dual SIM (SIM1: Nano) (SIM2: Nano),"4G: Available (supports Indian bands), 3G: Available, 2G: Available",Yes,Yes,Yes,"Yes, 3.5mm","Yes, Rear","Light sensor, Proximity sensor, Accelerometer",Yes,,"Blue, Flowing Silver",22-Jun-20,Li-Polymer,"microUSB 2.0, Mass storage device, USB charging, USB On-The-Go"
SMP-200,EKM_AMZPPB_688,OPPO A1K,Oppo,"OPPO A1K (Black, 2GB RAM, 32GB Storage) Without Offer",Black, 2GB RAM, 32GB Storage,"Rs. 10,890",4.1 out of 5 stars,EKM_AMZPPB_688_0,EKM_AMZPPB_688_1,EKM_AMZPPB_688_2,EKM_AMZPPB_688_3,EKM_AMZPPB_688_4,EKM_AMZPPB_688_5,https://www.amazon.in/OPPO-Black-Storage-Without-Offer/dp/B07PRBKTYD/ref=sr_1_695?dchild=1&keywords=mobiles&qid=1631127836&refinements=p_89%3AASUS%7CBlackBerry%7CCoolpad%7CGIONEE%7CGeneric%7CGoogle%7CHEEMAX%7CIKALL%7CIntex%7CLava%7CMI%7CMicromax%7CMoto%7CMotorola%7CNillkin%7CNokia%7COnePlus%7COppo%7CPHILIPS%7CRedmi%7CSHIVANSH%7CSamsung%7CSnexian%7CTecno%7CVivo%7CXiaomi%7CXifo%7CZiox%7CZopo%7CiQOO%7Citel%7Crealme&rnid=3837712031&s=electronics&sr=1-695,SMP-200,Amazon.in,"?10,990",MediaTek Helio P22,6.1 inches (15.49 cms),"Single (5 MP, f/2.0 Camera(2.639 mm focal length, 5.0"" sensor size, 1.12 m pixel size))","Single (8 MP, f/2.2 Camera)",6.08 x 2.91 x 0.33 inch (154.4 x 73.8 x 8.4 mm),170 grams,MediaTek Helio P22,Octa core,"Octa core, 2GHz, Cortex A53",64-bit,PowerVR GE8320,Android v9.0 (Pie),ColorOS,"Yes, microSD, Up to 256 GB (Dedicated)",IPS LCD,720 x 1560 pixels,19.5:9,"Yes, Capacitive, Multi-touch",16M Colors,282 pixels per inch (ppi),79.99%,Corning Gorilla Glass v3,,"Yes, with Waterdrop notch",Rear (LED Flash),CMOS image sensor,"Auto Flash, Auto Focus, Face detection, Touch to focus","Continuos Shooting, High Dynamic Range mode (HDR)",,Rear: 1920x1080 @ 30 fps,,4000 mAh,No,No,No,Yes with b/g/n,Bluetooth v4.2,"Yes with A-GPS, Glonass",Yes,Mobile Hotspot,Dual SIM (SIM1: Nano) (SIM2: Nano),"4G: Available (supports Indian bands), 3G: Available, 2G: Available",Yes,Yes,Yes,"Yes, 3.5mm",No,"Light sensor, Proximity sensor, Accelerometer, Compass",Yes,,,1-May-19,Li-Polymer,"microUSB 2.0, Mass storage device, USB charging, USB On-The-Go"
SMP-211,EKM_AMZPPB_491,OPPO F11,Oppo,"OPPO F11 (Marble Green, 6GB RAM, 128GB Storage)",Marble Green, 6GB RAM, 128GB Storage,"Rs. 19,999",4.3 out of 5 stars,EKM_AMZPPB_491_0,EKM_AMZPPB_491_1,EKM_AMZPPB_491_2,EKM_AMZPPB_491_3,EKM_AMZPPB_491_4,EKM_AMZPPB_491_5,https://www.amazon.in/Marble-Storage-Additional-Exchange-Offers/dp/B07PQ7CXMB/ref=sr_1_462?dchild=1&keywords=mobiles&qid=1631127812&refinements=p_89%3AASUS%7CBlackBerry%7CCoolpad%7CGIONEE%7CGeneric%7CGoogle%7CHEEMAX%7CIKALL%7CIntex%7CLava%7CMI%7CMicromax%7CMoto%7CMotorola%7CNillkin%7CNokia%7COnePlus%7COppo%7CPHILIPS%7CRedmi%7CSHIVANSH%7CSamsung%7CSnexian%7CTecno%7CVivo%7CXiaomi%7CXifo%7CZiox%7CZopo%7CiQOO%7Citel%7Crealme&rnid=3837712031&s=electronics&sr=1-462,SMP-211,,,MediaTek Helio P70,6.5 inches (16.51 cms),"Single (16 MP, f/2.0, Wide Angle Camera(3.58 mm focal length, 3.1"" sensor size, 1 m pixel size))","Dual (48 MP, f/1.79 Camera + 5 MP, f/2.4, depth Camera(2.176 mm focal length, 5.0"" sensor size, 1.12µm pixel size))",6.38 x 3 x 0.33 inch (162 x 76.1 x 8.3 mm),188 grams,MediaTek Helio P70,8 (Octa Core),"2.1GHz, Quad core, Cortex A73 + 2GHz, Quad core, Cortex A53",64-bit,Mali-G72 MP3,Android v9.0 (Pie),ColorOS,"Yes, microSD, Up to 256 GB (Hybrid Slot)",TFT LTPS,1080 x 2340 pixels,19.5:9,"Yes, Capacitive, Multi-touch",16M Colors,396 pixels per inch (ppi),83.94%,Corning Gorilla Glass v5,,"Yes, with Waterdrop notch",Rear (LED Flash),CMOS image sensor,"Auto Flash, Auto Focus, Face detection, Touch to focus","Continuos Shooting, High Dynamic Range mode (HDR)",,"Rear: 1920x1080 @ 30 fps, Front: 1920x1080 @ 30 fps",,4020 mAh,No,"Yes, VOOC, v3.0, 20W",No,Yes with b/g/n,Bluetooth v4.2,"Yes with A-GPS, Glonass",Yes,Mobile Hotspot,Dual SIM (SIM1: Nano) (SIM2: Hybrid),"4G: Available (supports Indian bands), 3G: Available, 2G: Available",Yes,Yes,Yes,"Yes, 3.5mm","Yes, Rear","Light sensor, Proximity sensor, Accelerometer, Compass",Yes,,"Fluorite Purple, Marbel Green",15-May-19,Li-Polymer,"microUSB 2.0, Mass storage device, USB charging, USB On-The-Go"
SMP-214,EKM_AMZPPB_1428,OPPO Reno,Oppo,"OPPO Reno (Jet Black, 8GB RAM, 128 GB Storage)",Jet Black, 8GB RAM, 128 GB Storage,"Rs. 27,999",4.2 out of 5 stars,EKM_AMZPPB_1428_0,EKM_AMZPPB_1428_1,EKM_AMZPPB_1428_2,EKM_AMZPPB_1428_3,EKM_AMZPPB_1428_4,EKM_AMZPPB_1428_5,https://www.amazon.in/Black-Storage-Additional-Exchange-Offers/dp/B07PQ7CXNV/ref=sr_1_1715?dchild=1&keywords=mobiles&qid=1631127950&refinements=p_89%3AASUS%7CBlackBerry%7CCoolpad%7CGIONEE%7CGeneric%7CGoogle%7CHEEMAX%7CIKALL%7CIntex%7CLava%7CMI%7CMicromax%7CMoto%7CMotorola%7CNillkin%7CNokia%7COnePlus%7COppo%7CPHILIPS%7CRedmi%7CSHIVANSH%7CSamsung%7CSnexian%7CTecno%7CVivo%7CXiaomi%7CXifo%7CZiox%7CZopo%7CiQOO%7Citel%7Crealme&rnid=3837712031&s=electronics&sr=1-1715,SMP-214,Amazon.in,"?27,999",Qualcomm Snapdragon 710,6.4 inches (16.26 cms),"Single (16 MP, f/2.0, Wide Angle Camera)","Dual (48 MP, f/1.7 Camera + 5 MP, f/2.4, depth Camera)",6.17 x 2.93 x 0.35 inch (156.6 x 74.3 x 9 mm),185 grams,Qualcomm Snapdragon 710,8 (Octa Core),"2.2GHz, Dual core, Kryo 360 + 1.7GHz, Hexa Core, Kryo 360",64-bit,Adreno 616,Android v9.0 (Pie),ColorOS,"Yes, microSD, Up to 256 GB (Dedicated)",AMOLED,1080 x 2340 pixels,19.5:9,"Yes, Capacitive, Multi-touch",16M Colors,403 pixels per inch (ppi),86.23%,Corning Gorilla Glass v6,,,"Rear (LED Flash), Front (Soft light flash)",Exmor-RS CMOS Sensor,"Auto Flash, Auto Focus, Face detection, Touch to focus","Continuos Shooting, High Dynamic Range mode (HDR)","Yes, Electric Image Stabilization (EIS)","Rear: 3840x2160 @ 30 fps, 1920x1080 @ 60 fps, 1280x720 @ 60 fps, Front: 1920x1080 @ 30 fps",,3765 mAh,,"Yes, VOOC, v3.0",No,Yes with a/ac/b/g/n,Bluetooth v5.0,"Yes with A-GPS, Glonass",Yes,Mobile Hotspot,Dual SIM (SIM1: Nano) (SIM2: Nano),"4G: Available (supports Indian bands), 3G: Available, 2G: Available",Yes,Yes,Dolby Atmos,"Yes, 3.5mm","Yes, On-screen","Light sensor, Proximity sensor, Accelerometer",,,"Jet Black, Ocean Green",7-Jun-19,Li-ion,"USB Type-C, Mass storage device, USB charging, USB On-The-Go"
SMP-221,EKM_AMZPPB_1668,OPPO F9,Oppo,"Oppo F9 (Steller Purple, 4GB RAM, 64GB Storage)",Steller Purple, 4GB RAM, 64GB Storage,"Rs. 19,900",4.4 out of 5 stars,EKM_AMZPPB_1668_0,EKM_AMZPPB_1668_1,EKM_AMZPPB_1668_2,EKM_AMZPPB_1668_3,EKM_AMZPPB_1668_4,EKM_AMZPPB_1668_5,https://www.amazon.in/OPPO-Steller-Purple-Storage-Offer/dp/B07HF4DSL9/ref=sr_1_2047?dchild=1&keywords=mobiles&qid=1631127986&refinements=p_89%3AASUS%7CBlackBerry%7CCoolpad%7CGIONEE%7CGeneric%7CGoogle%7CHEEMAX%7CIKALL%7CIntex%7CLava%7CMI%7CMicromax%7CMoto%7CMotorola%7CNillkin%7CNokia%7COnePlus%7COppo%7CPHILIPS%7CRedmi%7CSHIVANSH%7CSamsung%7CSnexian%7CTecno%7CVivo%7CXiaomi%7CXifo%7CZiox%7CZopo%7CiQOO%7Citel%7Crealme&rnid=3837712031&s=electronics&sr=1-2047,SMP-221,Amazon.in,"?19,900",MediaTek Helio P60,6.3 inches (16 cms),"Single (16 MP, f/2.0, Wide Angle Camera(3.56 mm focal length, 1 m pixel size))","Dual (16 MP, f/1.8 Camera + 2 MP, f/2.4, depth Camera)",6.17 x 2.91 x 0.31 inch (156.7 x 74 x 8 mm),169 grams,MediaTek Helio P60,8 (Octa Core),"2GHz, Quad core, Cortex A73 + 2GHz, Quad core, Cortex A53",64-bit,Mali-G72 MP3,Android v8.1 (Oreo),ColorOS,"Yes, microSD, Up to 256 GB (Dedicated)","IPS LCD, 2.5D Curved Glass",1080 x 2340 pixels,19.5:9,"Yes, Capacitive, Multi-touch",16M Colors,409 pixels per inch (ppi),83.84%,Corning Gorilla Glass v3,,"Yes, with Waterdrop notch",Rear (LED Flash),CMOS image sensor,"Auto Flash, Auto Focus, Face detection, Touch to focus","Continuos Shooting, High Dynamic Range mode (HDR)",,Rear: 1920x1080 @ 30 fps,,3500 mAh,No,Yes,No,Yes with a/ac/b/g/n,Bluetooth v4.2,"Yes with A-GPS, Glonass",Yes,Mobile Hotspot,Dual SIM (SIM1: Nano) (SIM2: Nano),"4G: Available (supports Indian bands), 3G: Available, 2G: Available",Yes,Yes,Yes,"Yes, 3.5mm","Yes, Rear","Light sensor, Proximity sensor, Accelerometer, Compass",Yes,,"Mist Black, Stellar Purple",15-Sep-18,Li-Polymer,"microUSB 2.0, Mass storage device, USB charging, USB On-The-Go"
SMP-231,EKM_AMZPPB_1202,OPPO F5,Oppo,"Oppo F5 (Red, 6GB RAM, 64GB Storage)",Red, 6GB RAM, 64GB Storage,"Rs. 19,990",4.2 out of 5 stars,EKM_AMZPPB_1202_0,EKM_AMZPPB_1202_1,EKM_AMZPPB_1202_2,EKM_AMZPPB_1202_3,EKM_AMZPPB_1202_4,EKM_AMZPPB_1202_5,https://www.amazon.in/Oppo-F5-64GB-Storage-Offers/dp/B078CBN95Q/ref=sr_1_1355?dchild=1&keywords=mobiles&qid=1631127911&refinements=p_89%3AASUS%7CBlackBerry%7CCoolpad%7CGIONEE%7CGeneric%7CGoogle%7CHEEMAX%7CIKALL%7CIntex%7CLava%7CMI%7CMicromax%7CMoto%7CMotorola%7CNillkin%7CNokia%7COnePlus%7COppo%7CPHILIPS%7CRedmi%7CSHIVANSH%7CSamsung%7CSnexian%7CTecno%7CVivo%7CXiaomi%7CXifo%7CZiox%7CZopo%7CiQOO%7Citel%7Crealme&rnid=3837712031&s=electronics&sr=1-1355,SMP-231,Flipkart,"?15,500",MediaTek MT6763T,6.0 inches (15.24 cms),"Single (20 MP, f/2.0 Camera(2.8"" sensor size))","Single (16 MP, f/1.8 Camera)",6.16 x 2.99 x 0.3 inch (156.5 x 76 x 7.5 mm),152 grams,MediaTek MT6763T,Octa core,"Octa core, 2.5GHz, Cortex A53",64-bit,Mali-G71 MP2,Android v7.1 (Nougat),ColorOS,"Yes, microSD, Up to 256 GB (Dedicated)","IPS LCD, 2.5D Curved Glass",1080 x 2160 pixels,18:09,"Yes, Capacitive, Multi-touch",16M Colors,402 pixels per inch (ppi),78.11%,Corning Gorilla Glass v5,,,Rear (LED Flash),CMOS image sensor,"Auto Flash, Auto Focus, Face detection, Touch to focus","Continuos Shooting, High Dynamic Range mode (HDR)",,Rear: 1920x1080 @ 30 fps,,3200 mAh,No,No,No,Yes with a/b/g/n/n 5GHz,Bluetooth v4.2,Yes with A-GPS,Yes,Mobile Hotspot,Dual SIM (SIM1: Nano) (SIM2: Nano),"4G: Available (supports Indian bands), 3G: Available, 2G: Available",Yes,Yes,Yes,"Yes, 3.5mm","Yes, Rear","Light sensor, Proximity sensor, Accelerometer, Compass",Yes,,,9-Nov-17,Li-ion,"microUSB 2.0, Mass storage device, USB charging, USB On-The-Go"
SMP-289,EKM_AMZPPB_8,OPPO A31,Oppo,"Oppo A31 (Fantasy White, 6GB RAM, 128GB Storage) with No Cost EMI/Additional Exchange Offers",Fantasy White, 6GB RAM, 128GB Storage,"Rs. 12,490",4.2 out of 5 stars,EKM_AMZPPB_8_0,EKM_AMZPPB_8_1,EKM_AMZPPB_8_2,EKM_AMZPPB_8_3,EKM_AMZPPB_8_4,EKM_AMZPPB_8_5,https://www.amazon.in/Oppo-Fantasy-Storage-Additional-Exchange/dp/B08444SXZ6/ref=sr_1_9?dchild=1&keywords=mobiles&qid=1631127762&refinements=p_89%3AASUS%7CBlackBerry%7CCoolpad%7CGIONEE%7CGeneric%7CGoogle%7CHEEMAX%7CIKALL%7CIntex%7CLava%7CMI%7CMicromax%7CMoto%7CMotorola%7CNillkin%7CNokia%7COnePlus%7COppo%7CPHILIPS%7CRedmi%7CSHIVANSH%7CSamsung%7CSnexian%7CTecno%7CVivo%7CXiaomi%7CXifo%7CZiox%7CZopo%7CiQOO%7Citel%7Crealme&rnid=3837712031&s=electronics&sr=1-9,SMP-289,,,Qualcomm Snapdragon 410 MSM8916,4.5 inches (11.43 cms),Single (2 MP Camera),Single (8 MP Camera),5.19 x 2.58 x 0.31 inch (131.9 x 65.5 x 8 mm),135 grams,Qualcomm Snapdragon 410 MSM8916,Quad core,"Quad core, 1.2GHz, Cortex A53",,Adreno 306,Android v4.4 (Kitkat),,"Yes, microSD, Up to 32 GB (Dedicated)",TFT,480 x 854 pixels,,"Yes, Capacitive, Multi-touch",16M Colors,218 pixels per inch (ppi),64.57%,,,,Rear (LED Flash),CMOS image sensor,"Auto Focus, Face detection, Touch to focus","Continuos Shooting, High Dynamic Range mode (HDR)",,Rear: 1920x1080 @ 30 fps,,2000 mAh,,,No,Yes with a/b/g/n,Bluetooth v4.0,Yes with A-GPS,Yes,,Dual SIM,"4G: Available (supports Indian bands), 3G: Available, 2G: Available",,,Yes,"Yes, 3.5mm",,"Light sensor, Proximity sensor, Accelerometer, Compass",,,,30-Aug-15,Li-ion,microUSB 2.0
SMP-323,EKM_AMZPPB_1731,OPPO A53,Oppo,"OPPO A53 (Fairy White, 6GB RAM, 128GB Storage) + OPPO Wired Earphone",Fairy White, 6GB RAM, 128GB Storage,"Rs. 14,389",3.8 out of 5 stars,EKM_AMZPPB_1731_0,EKM_AMZPPB_1731_1,EKM_AMZPPB_1731_2,EKM_AMZPPB_1731_3,EKM_AMZPPB_1731_4,EKM_AMZPPB_1731_5,https://www.amazon.in/Fairy-White-128GB-Storage-Earphone/dp/B08TBBDS94/ref=sr_1_2124?dchild=1&keywords=mobiles&qid=1631127994&refinements=p_89%3AASUS%7CBlackBerry%7CCoolpad%7CGIONEE%7CGeneric%7CGoogle%7CHEEMAX%7CIKALL%7CIntex%7CLava%7CMI%7CMicromax%7CMoto%7CMotorola%7CNillkin%7CNokia%7COnePlus%7COppo%7CPHILIPS%7CRedmi%7CSHIVANSH%7CSamsung%7CSnexian%7CTecno%7CVivo%7CXiaomi%7CXifo%7CZiox%7CZopo%7CiQOO%7Citel%7Crealme&rnid=3837712031&s=electronics&sr=1-2124,SMP-323,,,Qualcomm MSM8939v2 Snapdragon 616,,,13 M.Pixels,6.0x3.0x0.2 inches,165 grams,Qualcomm MSM8939v2 Snapdragon 616,8 (Octa Core),1.5 GHz (Quad Core) + 1.0 GHz (Quad Core),,Adreno 405,"Android OS, v5.1 (Lollipop)",,,IPS LCD,720x1280 pixels,,,16M Colors,267 pixels per inch (ppi),70.80%,,,,,Proximity Sensor,,,,1080p@30fps,,3075 mAh,,,,Yes,v4.0 with A2DP,Yes,No,,Dual SIM (Nano SIM),,,,,,,Proximity Sensor,,,,,Li-Ion,
